entidade_grupo;id_entidade_grupo;entidade_devedora;regime;ordem;numero_precatorio;situacao;natureza;orcamento;valor_historico;saldo_atualizado;classe;localizacao;peticoes_a_juntar;ultima_fase;possui_herdeiros;possui_cessao;possui_retificador;timestamp_extracao
Estado do Rio de Janeiro;1;Estado do Rio de Janeiro;especial;503º;2020.05125-1;Ativo;Comum;2021;588571.28;1608943.82;;;;;;;;2025-11-26 11:43:08.292587
Estado do Rio de Janeiro;1;Estado do Rio de Janeiro;especial;504º;2020.04427-1;Ativo;Comum;2021;742793.99;2029172.74;;;;;;;;2025-11-26 11:43:08.338518
Estado do Rio de Janeiro;1;Estado do Rio de Janeiro;especial;505º;2020.04492-1;Suspensão Administrativa;Comum;2021;265822.25;724317.43;;;;;;;;2025-11-26 11:43:08.385822
Estado do Rio de Janeiro;1;Estado do Rio de Janeiro;especial;506º;2020.04468-9;Ativo;Comum;2021;55422.38;151015.93;;;;;;;;2025-11-26 11:43:08.424413
Estado do Rio de Janeiro;1;Estado do Rio de Janeiro;especial;507º;2020.04410-7;Ativo;Comum;2021;3030759.17;8363288.27;;;;;;;;2025-11-26 11:43:08.456005
Estado do Rio de Janeiro;1;Estado do Rio de Janeiro;especial;508º;2020.04409-3;Ativo;Comum;2021;1052965.33;1940627.56;;;;;;;;2025-11-26 11:43:08.487558
Estado do Rio de Janeiro;1;Estado do Rio de Janeiro;especial;509º;2020.04522-7;Ativo;Comum;2021;87560.82;151349.49;;;;;;;;2025-11-26 11:43:08.518990
Estado do Rio de Janeiro;1;Estado do Rio de Janeiro;especial;510º;2020.04313-5;Ativo;Comum;2021;21890.20;37837.37;;;;;;;;2025-11-26 11:43:08.550431
Estado do Rio de Janeiro;1;Estado do Rio de Janeiro;especial;511º;2020.04459-0;Suspensão Administrativa;Comum;2021;188602.33;329033.17;;;;;;;;2025-11-26 11:43:08.582557
Estado do Rio de Janeiro;1;Estado do Rio de Janeiro;especial;512º;2020.04875-7;Ativo;Comum;2021;47150.58;82258.26;;;;;;;;2025-11-26 11:43:08.614026
Estado do Rio de Janeiro;1;Estado do Rio de Janeiro;especial;513º;2020.04326-7;Ativo;Comum;2021;330462.63;734148.69;;;;;;;;2025-11-26 11:43:12.180163
Estado do Rio de Janeiro;1;UERJ;especial;514º;2020.04759-9;Ativo;Comum;2021;57825.50;144992.09;;;;;;;;2025-11-26 11:43:12.212097
Estado do Rio de Janeiro;1;UERJ;especial;515º;2020.04761-0;Ativo;Comum;2021;57825.50;144992.09;;;;;;;;2025-11-26 11:43:12.243858
Estado do Rio de Janeiro;1;Estado do Rio de Janeiro;especial;516º;2020.04694-0;Ativo;Comum;2021;38324.99;93120.19;;;;;;;;2025-11-26 11:43:12.276381
Estado do Rio de Janeiro;1;Estado do Rio de Janeiro;especial;517º;2020.05162-6;Ativo;Comum;2021;113187.82;224809.28;;;;;;;;2025-11-26 11:43:12.307485
Estado do Rio de Janeiro;1;Estado do Rio de Janeiro;especial;518º;2020.05471-4;Ativo;Comum;2021;116928.06;302734.26;;;;;;;;2025-11-26 11:43:12.341999
Estado do Rio de Janeiro;1;Estado do Rio de Janeiro;especial;519º;2020.05299-1;Ativo;Comum;2021;44894.03;76679.77;;;;;;;;2025-11-26 11:43:12.374792
Estado do Rio de Janeiro;1;Estado do Rio de Janeiro;especial;520º;2020.04767-0;Suspensão Administrativa;Comum;2021;36383.86;76853.51;;;;;;;;2025-11-26 11:43:12.407229
Estado do Rio de Janeiro;1;Estado do Rio de Janeiro;especial;521º;2020.05088-3;Ativo;Comum;2021;68769.93;123874.43;;;;;;;;2025-11-26 11:43:12.440624
Estado do Rio de Janeiro;1;DETRAN;especial;522º;2020.04833-1;Ativo;Comum;2021;78257.19;367383.55;;;;;;;;2025-11-26 11:43:12.478098
Estado do Rio de Janeiro;1;Estado do Rio de Janeiro;especial;523º;2020.05168-5;Suspensão Administrativa;Comum;2021;56876.37;98168.32;;;;;;;;2025-11-26 11:43:16.075340
Estado do Rio de Janeiro;1;Estado do Rio de Janeiro;especial;524º;2020.04800-5;Ativo;Comum;2021;142190.93;245420.83;;;;;;;;2025-11-26 11:43:16.112099
Estado do Rio de Janeiro;1;Estado do Rio de Janeiro;especial;525º;2020.04849-8;Ativo;Comum;2021;147715.38;404006.46;;;;;;;;2025-11-26 11:43:16.148099
Estado do Rio de Janeiro;1;Estado do Rio de Janeiro;especial;526º;2020.05167-7;Ativo;Comum;2021;77221.49;141340.13;;;;;;;;2025-11-26 11:43:16.185864
Estado do Rio de Janeiro;1;Estado do Rio de Janeiro;especial;527º;2020.04807-2;Suspensão Administrativa;Comum;2021;504009.12;896438.03;;;;;;;;2025-11-26 11:43:16.216208
Estado do Rio de Janeiro;1;Estado do Rio de Janeiro;especial;528º;2020.04981-8;Ativo;Comum;2021;22111.35;39131.92;;;;;;;;2025-11-26 11:43:16.247954
Estado do Rio de Janeiro;1;Estado do Rio de Janeiro;especial;529º;2020.04735-1;Ativo;Comum;2021;22672.13;83099.61;;;;;;;;2025-11-26 11:43:16.278266
Estado do Rio de Janeiro;1;SUDERJ;especial;530º;2020.04687-8;Ativo;Comum;2021;32467.12;55099.75;;;;;;;;2025-11-26 11:43:16.308170
Estado do Rio de Janeiro;1;Estado do Rio de Janeiro;especial;531º;2020.05047-6;Ativo;Comum;2021;37448.27;63118.20;;;;;;;;2025-11-26 11:43:16.339069
Estado do Rio de Janeiro;1;FUNDERJ-FUNDAÇÃO DEPARTAMENTO DE ESTRADAS DE RODAGEM-DER RJ;especial;532º;2020.05114-6;Ativo;Comum;2021;2656923.28;4422503.51;;;;;;;;2025-11-26 11:43:16.368951
Estado do Rio de Janeiro;1;Estado do Rio de Janeiro;especial;533º;2020.05018-2;Ativo;Comum;2021;43411.28;86377.76;;;;;;;;2025-11-26 11:43:19.949754
Estado do Rio de Janeiro;1;Estado do Rio de Janeiro;especial;534º;2020.05289-4;Ativo;Comum;2021;43411.28;86377.76;;;;;;;;2025-11-26 11:43:19.987364
Estado do Rio de Janeiro;1;Estado do Rio de Janeiro;especial;535º;2020.05284-3;Ativo;Comum;2021;43411.28;86377.76;;;;;;;;2025-11-26 11:43:20.028068
Estado do Rio de Janeiro;1;Estado do Rio de Janeiro;especial;536º;2020.05595-8;Ativo;Comum;2021;46353.91;101599.80;;;;;;;;2025-11-26 11:43:20.078220
Estado do Rio de Janeiro;1;SUDERJ;especial;537º;2020.05193-6;Suspensão Administrativa;Comum;2021;26703.38;51430.43;;;;;;;;2025-11-26 11:43:20.123046
Estado do Rio de Janeiro;1;Estado do Rio de Janeiro;especial;538º;2020.05441-2;Ativo;Comum;2021;26866.40;60799.77;;;;;;;;2025-11-26 11:43:20.158917
Estado do Rio de Janeiro;1;FUNDERJ-FUNDAÇÃO DEPARTAMENTO DE ESTRADAS DE RODAGEM-DER RJ;especial;539º;2020.05034-4;Ativo;Comum;2021;8099092.16;21703209.84;;;;;;;;2025-11-26 11:43:20.194193
Estado do Rio de Janeiro;1;FUNDERJ-FUNDAÇÃO DEPARTAMENTO DE ESTRADAS DE RODAGEM-DER RJ;especial;540º;2020.05513-3;Suspensão Administrativa;Comum;2021;7531705.41;20182778.48;;;;;;;;2025-11-26 11:43:20.228921
Estado do Rio de Janeiro;1;FUNDERJ-FUNDAÇÃO DEPARTAMENTO DE ESTRADAS DE RODAGEM-DER RJ;especial;541º;2020.05127-8;Suspensão Administrativa;Comum;2021;153006.55;410013.01;;;;;;;;2025-11-26 11:43:20.264328
Estado do Rio de Janeiro;1;FUNDERJ-FUNDAÇÃO DEPARTAMENTO DE ESTRADAS DE RODAGEM-DER RJ;especial;542º;2020.05518-4;Suspensão Administrativa;Comum;2021;14300467.16;39810698.91;;;;;;;;2025-11-26 11:43:20.305867
Estado do Rio de Janeiro;1;FUNDERJ-FUNDAÇÃO DEPARTAMENTO DE ESTRADAS DE RODAGEM-DER RJ;especial;543º;2020.05544-3;Ativo;Comum;2021;6149816.49;16479718.35;;;;;;;;2025-11-26 11:43:23.875122
Estado do Rio de Janeiro;1;FUNDERJ-FUNDAÇÃO DEPARTAMENTO DE ESTRADAS DE RODAGEM-DER RJ;especial;544º;2020.05554-0;Suspensão Administrativa;Comum;2021;130800.33;350506.83;;;;;;;;2025-11-26 11:43:23.908003
Estado do Rio de Janeiro;1;Estado do Rio de Janeiro;especial;545º;2020.05273-8;Ativo;Comum;2021;36359062.10;62619033.66;;;;;;;;2025-11-26 11:43:23.947338
Estado do Rio de Janeiro;1;UERJ;especial;546º;2020.05542-7;Suspensão Determinação Judicial;Comum;2021;9413764.22;22733974.03;;;;;;;;2025-11-26 11:43:23.984439
Estado do Rio de Janeiro;1;Estado do Rio de Janeiro;especial;547º;2020.05233-9;Ativo;Comum;2021;188483.82;371286.19;;;;;;;;2025-11-26 11:43:24.016705
Estado do Rio de Janeiro;1;Estado do Rio de Janeiro;especial;548º;2020.05389-0;Ativo;Comum;2021;188483.82;371286.19;;;;;;;;2025-11-26 11:43:24.047600
Estado do Rio de Janeiro;1;FUNDERJ-FUNDAÇÃO DEPARTAMENTO DE ESTRADAS DE RODAGEM-DER RJ;especial;549º;2020.05046-8;Suspensão Administrativa;Comum;2021;277800.95;744425.69;;;;;;;;2025-11-26 11:43:24.080938
Estado do Rio de Janeiro;1;FUNDERJ-FUNDAÇÃO DEPARTAMENTO DE ESTRADAS DE RODAGEM-DER RJ;especial;550º;2020.05097-2;Ativo;Comum;2021;227020.01;608347.55;;;;;;;;2025-11-26 11:43:24.111165
Estado do Rio de Janeiro;1;COMPANHIA DE TRANSPORTES SOBRE TRILHOS DO ESTADO DO RIO DE JANEIRO - RIOTRILHOS;especial;551º;2020.05006-9;Ativo;Comum;2021;25564.88;43995.37;;;;;;;;2025-11-26 11:43:24.141544
Estado do Rio de Janeiro;1;Estado do Rio de Janeiro;especial;552º;2020.05031-0;Suspensão Administrativa;Comum;2021;30367.38;58988.28;;;;;;;;2025-11-26 11:43:24.176462
Estado do Rio de Janeiro;1;Estado do Rio de Janeiro;especial;553º;2020.05211-8;Ativo;Comum;2021;78791.44;157044.51;;;;;;;;2025-11-26 11:43:27.741705
Estado do Rio de Janeiro;1;Estado do Rio de Janeiro;especial;554º;2020.05343-2;Suspensão Administrativa;Comum;2021;189758.91;384169.52;;;;;;;;2025-11-26 11:43:27.781577
Estado do Rio de Janeiro;1;DETRAN;especial;555º;2020.04995-8;Suspensão Administrativa;Comum;2021;200390.32;358937.72;;;;;;;;2025-11-26 11:43:27.814703
Estado do Rio de Janeiro;1;DETRAN;especial;556º;2020.05008-5;Suspensão Administrativa;Comum;2021;1803512.98;3230439.63;;;;;;;;2025-11-26 11:43:27.844738
Estado do Rio de Janeiro;1;Estado do Rio de Janeiro;especial;557º;2020.05017-4;Ativo;Comum;2021;60619.34;120972.66;;;;;;;;2025-11-26 11:43:27.875017
Estado do Rio de Janeiro;1;Estado do Rio de Janeiro;especial;558º;2020.05185-5;Ativo;Comum;2021;42880.13;79395.80;;;;;;;;2025-11-26 11:43:27.904612
Estado do Rio de Janeiro;1;Estado do Rio de Janeiro;especial;559º;2020.05535-4;Ativo;Comum;2021;161557.56;304950.99;;;;;;;;2025-11-26 11:43:27.938133
Estado do Rio de Janeiro;1;Estado do Rio de Janeiro;especial;560º;2020.05353-0;Suspensão Administrativa;Comum;2021;143610.65;239482.07;;;;;;;;2025-11-26 11:43:27.979624
Estado do Rio de Janeiro;1;Estado do Rio de Janeiro;especial;561º;2020.05102-2;Suspensão Administrativa;Comum;2021;2416387.62;4398316.35;;;;;;;;2025-11-26 11:43:28.012796
Estado do Rio de Janeiro;1;Estado do Rio de Janeiro;especial;562º;2020.05093-0;Ativo;Comum;2021;57194.76;104278.92;;;;;;;;2025-11-26 11:43:28.045938
Estado do Rio de Janeiro;1;Estado do Rio de Janeiro;especial;563º;2020.05504-4;Ativo;Comum;2021;12256.01;22345.46;;;;;;;;2025-11-26 11:43:31.727649
Estado do Rio de Janeiro;1;Estado do Rio de Janeiro;especial;564º;2020.05281-9;Suspensão Administrativa;Comum;2021;12256.01;22345.46;;;;;;;;2025-11-26 11:43:31.770265
Estado do Rio de Janeiro;1;RIO-PREVIDÊNCIA (03.066.219/0001-81);especial;565º;2020.05313-0;Ativo;Comum;2021;21102.28;67229.39;;;;;;;;2025-11-26 11:43:31.850222
Estado do Rio de Janeiro;1;RIO-PREVIDÊNCIA (03.066.219/0001-81);especial;566º;2020.05033-6;Ativo;Comum;2021;21102.28;67229.38;;;;;;;;2025-11-26 11:43:31.899475
Estado do Rio de Janeiro;1;RIO-PREVIDÊNCIA (03.066.219/0001-81);especial;567º;2020.05245-2;Ativo;Comum;2021;21102.28;66969.82;;;;;;;;2025-11-26 11:43:31.936642
Estado do Rio de Janeiro;1;Estado do Rio de Janeiro;especial;568º;2020.05590-7;Suspensão Administrativa;Comum;2021;85648.45;148916.27;;;;;;;;2025-11-26 11:43:31.973347
Estado do Rio de Janeiro;1;Estado do Rio de Janeiro;especial;569º;2020.05536-2;Ativo;Comum;2021;127348.46;212419.09;;;;;;;;2025-11-26 11:43:32.011346
Estado do Rio de Janeiro;1;Estado do Rio de Janeiro;especial;570º;2020.05360-2;Ativo;Comum;2021;42500.00;70890.92;;;;;;;;2025-11-26 11:43:32.123023
Estado do Rio de Janeiro;1;Estado do Rio de Janeiro;especial;571º;2020.05445-5;Suspensão Administrativa;Comum;2021;52003.16;89522.81;;;;;;;;2025-11-26 11:43:32.240668
Estado do Rio de Janeiro;1;Estado do Rio de Janeiro;especial;572º;2020.05605-9;Ativo;Alimentícia;2022;54818.22;660.85;;;;;;;;2025-11-26 11:43:32.278802
Estado do Rio de Janeiro;1;RIO-PREVIDÊNCIA (03.066.219/0001-81);especial;573º;2020.05575-3;Ativo;Alimentícia;2022;120336.60;124009.30;;;;;;;;2025-11-26 11:43:35.865376
Estado do Rio de Janeiro;1;RIO-PREVIDÊNCIA (03.066.219/0001-81);especial;574º;2020.05578-8;Ativo;Alimentícia;2022;51572.83;122715.52;;;;;;;;2025-11-26 11:43:35.918146
Estado do Rio de Janeiro;1;IPERJ;especial;575º;2020.05603-2;Ativo;Alimentícia;2022;12278.77;25370.63;;;;;;;;2025-11-26 11:43:35.953951
Estado do Rio de Janeiro;1;RIO-PREVIDÊNCIA (03.066.219/0001-81);especial;576º;2020.05561-3;Ativo;Alimentícia;2022;90007.12;153071.42;;;;;;;;2025-11-26 11:43:35.993713
Estado do Rio de Janeiro;1;Estado do Rio de Janeiro;especial;577º;2020.05960-0;Suspensão Administrativa;Alimentícia;2022;46100.94;125791.69;;;;;;;;2025-11-26 11:43:36.030680
Estado do Rio de Janeiro;1;RIO-PREVIDÊNCIA (03.066.219/0001-81);especial;578º;2020.05642-3;Ativo;Alimentícia;2022;7959.39;14981.59;;;;;;;;2025-11-26 11:43:36.065603
Estado do Rio de Janeiro;1;Estado do Rio de Janeiro;especial;579º;2020.06579-1;Ativo;Alimentícia;2022;27289.03;53068.99;;;;;;;;2025-11-26 11:43:36.104825
Estado do Rio de Janeiro;1;RIO-PREVIDÊNCIA (03.066.219/0001-81);especial;580º;2020.05626-1;Ativo;Alimentícia;2022;19649.46;46149.03;;;;;;;;2025-11-26 11:43:36.149044
Estado do Rio de Janeiro;1;RIO-PREVIDÊNCIA (03.066.219/0001-81);especial;581º;2020.05623-7;Ativo;Alimentícia;2022;3274.90;7691.48;;;;;;;;2025-11-26 11:43:36.181208
Estado do Rio de Janeiro;1;RIO-PREVIDÊNCIA (03.066.219/0001-81);especial;582º;2020.05661-0;Ativo;Alimentícia;2022;42573.86;99989.62;;;;;;;;2025-11-26 11:43:36.213744
Estado do Rio de Janeiro;1;RIO-PREVIDÊNCIA (03.066.219/0001-81);especial;583º;2020.05659-8;Suspensão Administrativa;Alimentícia;2022;101688.64;333812.73;;;;;;;;2025-11-26 11:43:39.796225
Estado do Rio de Janeiro;1;RIO-PREVIDÊNCIA (03.066.219/0001-81);especial;584º;2020.05621-0;Ativo;Alimentícia;2022;51049.04;166672.47;;;;;;;;2025-11-26 11:43:39.829240
Estado do Rio de Janeiro;1;RIO-PREVIDÊNCIA (03.066.219/0001-81);especial;585º;2020.05657-1;Ativo;Alimentícia;2022;65458.99;214493.60;;;;;;;;2025-11-26 11:43:39.858500
Estado do Rio de Janeiro;1;Estado do Rio de Janeiro;especial;586º;2020.05625-3;Ativo;Alimentícia;2022;693148.02;1284965.43;;;;;;;;2025-11-26 11:43:39.888331
Estado do Rio de Janeiro;1;Estado do Rio de Janeiro;especial;587º;2020.05644-0;Ativo;Alimentícia;2022;686785.03;1431887.62;;;;;;;;2025-11-26 11:43:39.918394
Estado do Rio de Janeiro;1;RIO-PREVIDÊNCIA (03.066.219/0001-81);especial;588º;2020.05641-5;Ativo;Alimentícia;2022;40462.07;113266.47;;;;;;;;2025-11-26 11:43:39.949885
Estado do Rio de Janeiro;1;IPERJ;especial;589º;2020.05639-3;Ativo;Alimentícia;2022;675987.17;1057464.38;;;;;;;;2025-11-26 11:43:39.982188
Estado do Rio de Janeiro;1;RIO-PREVIDÊNCIA (03.066.219/0001-81);especial;590º;2020.05624-5;Ativo;Alimentícia;2022;95435.64;190896.31;;;;;;;;2025-11-26 11:43:40.012427
Estado do Rio de Janeiro;1;RIO-PREVIDÊNCIA (03.066.219/0001-81);especial;591º;2020.05616-4;Ativo;Alimentícia;2022;222683.17;282470.10;;;;;;;;2025-11-26 11:43:40.042864
Estado do Rio de Janeiro;1;RIO-PREVIDÊNCIA (03.066.219/0001-81);especial;592º;2020.05658-0;Ativo;Alimentícia;2022;95430.27;97570.91;;;;;;;;2025-11-26 11:43:40.075632
Estado do Rio de Janeiro;1;RIO-PREVIDÊNCIA (03.066.219/0001-81);especial;593º;2020.05660-1;Ativo;Alimentícia;2022;40898.70;111653.83;;;;;;;;2025-11-26 11:43:43.644154
Estado do Rio de Janeiro;1;Estado do Rio de Janeiro;especial;594º;2020.05619-9;Ativo;Alimentícia;2022;40377.88;219507.66;;;;;;;;2025-11-26 11:43:43.673142
Estado do Rio de Janeiro;1;RIO-PREVIDÊNCIA (03.066.219/0001-81);especial;595º;2020.05615-6;Ativo;Alimentícia;2022;634845.47;1034850.58;;;;;;;;2025-11-26 11:43:43.705041
Estado do Rio de Janeiro;1;RIO-PREVIDÊNCIA (03.066.219/0001-81);especial;596º;2020.05613-0;Ativo;Alimentícia;2022;9702.29;23023.97;;;;;;;;2025-11-26 11:43:43.735367
Estado do Rio de Janeiro;1;RIO-PREVIDÊNCIA (03.066.219/0001-81);especial;597º;2020.05614-8;Suspensão Administrativa;Alimentícia;2022;450570.48;824736.91;;;;;;;;2025-11-26 11:43:43.765463
Estado do Rio de Janeiro;1;Estado do Rio de Janeiro;especial;598º;2020.05610-5;Ativo;Alimentícia;2022;41748.42;93337.19;;;;;;;;2025-11-26 11:43:43.797692
Estado do Rio de Janeiro;1;Estado do Rio de Janeiro;especial;599º;2020.05963-5;Ativo;Alimentícia;2022;534413.35;1068840.49;;;;;;;;2025-11-26 11:43:43.827819
Estado do Rio de Janeiro;1;RIO-PREVIDÊNCIA (03.066.219/0001-81);especial;600º;2020.05973-2;Suspensão Administrativa;Alimentícia;2022;108101.77;294231.21;;;;;;;;2025-11-26 11:43:43.857068
Estado do Rio de Janeiro;1;RIO-PREVIDÊNCIA (03.066.219/0001-81);especial;601º;2020.05607-5;Ativo;Alimentícia;2022;56722.98;94457.56;;;;;;;;2025-11-26 11:43:43.888171
Estado do Rio de Janeiro;1;RIO-PREVIDÊNCIA (03.066.219/0001-81);especial;602º;2020.05608-3;Ativo;Alimentícia;2022;85084.47;141745.08;;;;;;;;2025-11-26 11:43:43.918292
Estado do Rio de Janeiro;1;IPERJ;especial;603º;2020.05609-1;Ativo;Alimentícia;2022;88493.15;304238.66;;;;;;;;2025-11-26 11:43:47.507942
Estado do Rio de Janeiro;1;IPERJ;especial;604º;2020.05972-4;Suspensão Administrativa;Alimentícia;2022;97337.95;266060.02;;;;;;;;2025-11-26 11:43:47.547985
Estado do Rio de Janeiro;1;RIO-PREVIDÊNCIA (03.066.219/0001-81);especial;605º;2020.05965-1;Ativo;Alimentícia;2022;139075.20;158583.21;;;;;;;;2025-11-26 11:43:47.583222
Estado do Rio de Janeiro;1;RIO-PREVIDÊNCIA (03.066.219/0001-81);especial;606º;2020.05964-3;Ativo;Alimentícia;2022;119207.31;275603.85;;;;;;;;2025-11-26 11:43:47.618328
Estado do Rio de Janeiro;1;RIO-PREVIDÊNCIA (03.066.219/0001-81);especial;607º;2020.05962-7;Ativo;Alimentícia;2022;139075.20;158583.21;;;;;;;;2025-11-26 11:43:47.651224
Estado do Rio de Janeiro;1;IPERJ;especial;608º;2020.05990-2;Ativo;Alimentícia;2022;229324.20;272730.69;;;;;;;;2025-11-26 11:43:47.683844
Estado do Rio de Janeiro;1;IPERJ;especial;609º;2020.05974-0;Ativo;Alimentícia;2022;221284.85;420651.49;;;;;;;;2025-11-26 11:43:47.713187
Estado do Rio de Janeiro;1;Estado do Rio de Janeiro;especial;610º;2020.05987-2;Ativo;Alimentícia;2022;33375.89;7004.83;;;;;;;;2025-11-26 11:43:47.743085
Estado do Rio de Janeiro;1;Estado do Rio de Janeiro;especial;611º;2020.06000-5;Ativo;Alimentícia;2022;13114.50;22909.99;;;;;;;;2025-11-26 11:43:47.771258
Estado do Rio de Janeiro;1;IPERJ;especial;612º;2020.05631-8;Ativo;Alimentícia;2022;2309059.48;4718123.01;;;;;;;;2025-11-26 11:43:47.801096
Estado do Rio de Janeiro;1;IPERJ;especial;613º;2020.05638-5;Ativo;Alimentícia;2022;219994.10;463563.75;;;;;;;;2025-11-26 11:43:51.388994
Estado do Rio de Janeiro;1;Estado do Rio de Janeiro;especial;614º;2020.05630-0;Ativo;Alimentícia;2022;107650.00;283067.38;;;;;;;;2025-11-26 11:43:51.419431
Estado do Rio de Janeiro;1;Estado do Rio de Janeiro;especial;615º;2020.05664-4;Suspensão Administrativa;Alimentícia;2022;594921.46;966819.75;;;;;;;;2025-11-26 11:43:51.448315
Estado do Rio de Janeiro;1;Estado do Rio de Janeiro;especial;616º;2020.05629-6;Ativo;Alimentícia;2022;254966.34;414351.31;;;;;;;;2025-11-26 11:43:51.477478
Estado do Rio de Janeiro;1;RIO-PREVIDÊNCIA (03.066.219/0001-81);especial;617º;2020.05643-1;Ativo;Alimentícia;2022;108720.06;98980.36;;;;;;;;2025-11-26 11:43:51.510975
Estado do Rio de Janeiro;1;RIO-PREVIDÊNCIA (03.066.219/0001-81);especial;618º;2020.05632-6;Ativo;Alimentícia;2022;252875.66;283462.17;;;;;;;;2025-11-26 11:43:51.540283
Estado do Rio de Janeiro;1;Estado do Rio de Janeiro;especial;619º;2020.06015-3;Ativo;Alimentícia;2022;132573.66;67458.81;;;;;;;;2025-11-26 11:43:51.569116
Estado do Rio de Janeiro;1;Estado do Rio de Janeiro;especial;620º;2020.06027-7;Ativo;Alimentícia;2022;98903.69;175471.61;;;;;;;;2025-11-26 11:43:51.598868
Estado do Rio de Janeiro;1;Estado do Rio de Janeiro;especial;621º;2020.05635-0;Ativo;Alimentícia;2022;32515.00;57820.22;;;;;;;;2025-11-26 11:43:51.627659
Estado do Rio de Janeiro;1;Estado do Rio de Janeiro;especial;622º;2020.05636-9;Ativo;Alimentícia;2022;32515.00;57820.21;;;;;;;;2025-11-26 11:43:51.657891
Estado do Rio de Janeiro;1;FUNDAÇÃO TEATRO MUNICIPAL DO R.J.;especial;623º;2020.06005-6;Ativo;Alimentícia;2022;281232.18;516147.85;;;;;;;;2025-11-26 11:43:55.237614
Estado do Rio de Janeiro;1;FUNDAÇÃO TEATRO MUNICIPAL DO R.J.;especial;624º;2020.06006-4;Ativo;Alimentícia;2022;473586.83;869178.03;;;;;;;;2025-11-26 11:43:55.277143
Estado do Rio de Janeiro;1;FUNDAÇÃO TEATRO MUNICIPAL DO R.J.;especial;625º;2020.06004-8;Ativo;Alimentícia;2022;275391.55;505428.54;;;;;;;;2025-11-26 11:43:55.312539
Estado do Rio de Janeiro;1;FUNDAÇÃO TEATRO MUNICIPAL DO R.J.;especial;626º;2020.05634-2;Ativo;Alimentícia;2022;280219.16;513933.33;;;;;;;;2025-11-26 11:43:55.347323
Estado do Rio de Janeiro;1;FUNDAÇÃO TEATRO MUNICIPAL DO R.J.;especial;627º;2020.05637-7;Ativo;Alimentícia;2022;807510.10;1482030.30;;;;;;;;2025-11-26 11:43:55.381166
Estado do Rio de Janeiro;1;FUNDAÇÃO TEATRO MUNICIPAL DO R.J.;especial;628º;2020.05999-6;Ativo;Alimentícia;2022;283656.53;357642.67;;;;;;;;2025-11-26 11:43:55.414705
Estado do Rio de Janeiro;1;FUNDAÇÃO TEATRO MUNICIPAL DO R.J.;especial;629º;2020.06002-1;Ativo;Alimentícia;2022;273959.05;339844.79;;;;;;;;2025-11-26 11:43:55.444585
Estado do Rio de Janeiro;1;FUNDAÇÃO TEATRO MUNICIPAL DO R.J.;especial;630º;2020.06011-0;Ativo;Alimentícia;2022;232944.09;427524.31;;;;;;;;2025-11-26 11:43:55.479308
Estado do Rio de Janeiro;1;FUNDAÇÃO TEATRO MUNICIPAL DO R.J.;especial;631º;2020.05992-9;Ativo;Alimentícia;2022;281232.18;353193.23;;;;;;;;2025-11-26 11:43:55.511285
Estado do Rio de Janeiro;1;FUNDAÇÃO TEATRO MUNICIPAL DO R.J.;especial;632º;2020.06010-2;Ativo;Alimentícia;2022;231475.88;424829.68;;;;;;;;2025-11-26 11:43:55.539774
Estado do Rio de Janeiro;1;FUNDAÇÃO TEATRO MUNICIPAL DO R.J.;especial;633º;2020.06007-2;Ativo;Alimentícia;2022;283582.61;357506.98;;;;;;;;2025-11-26 11:43:59.109812
Estado do Rio de Janeiro;1;FUNDAÇÃO TEATRO MUNICIPAL DO R.J.;especial;634º;2020.05994-5;Suspensão Administrativa;Alimentícia;2022;281232.18;353193.23;;;;;;;;2025-11-26 11:43:59.138772
Estado do Rio de Janeiro;1;FUNDERJ-FUNDAÇÃO DEPARTAMENTO DE ESTRADAS DE RODAGEM-DER RJ;especial;635º;2020.06014-5;Ativo;Alimentícia;2022;110260.45;154310.22;;;;;;;;2025-11-26 11:43:59.168554
Estado do Rio de Janeiro;1;Estado do Rio de Janeiro;especial;636º;2020.05677-6;Ativo;Alimentícia;2022;110684.53;47449.50;;;;;;;;2025-11-26 11:43:59.200478
Estado do Rio de Janeiro;1;Estado do Rio de Janeiro;especial;637º;2020.05650-4;Ativo;Alimentícia;2022;27671.11;52987.17;;;;;;;;2025-11-26 11:43:59.229265
Estado do Rio de Janeiro;1;FUNDERJ-FUNDAÇÃO DEPARTAMENTO DE ESTRADAS DE RODAGEM-DER RJ;especial;638º;2020.06017-0;Ativo;Alimentícia;2022;33320.00;245352.28;;;;;;;;2025-11-26 11:43:59.266366
Estado do Rio de Janeiro;1;Estado do Rio de Janeiro;especial;639º;2020.05656-3;Ativo;Alimentícia;2022;24448.55;41947.75;;;;;;;;2025-11-26 11:43:59.301239
Estado do Rio de Janeiro;1;Estado do Rio de Janeiro;especial;640º;2020.05648-2;Ativo;Alimentícia;2022;97794.21;4836.35;;;;;;;;2025-11-26 11:43:59.340688
Estado do Rio de Janeiro;1;FUNDERJ-FUNDAÇÃO DEPARTAMENTO DE ESTRADAS DE RODAGEM-DER RJ;especial;641º;2020.05666-0;Ativo;Alimentícia;2022;120916.57;35197.08;;;;;;;;2025-11-26 11:43:59.374727
Estado do Rio de Janeiro;1;FUNDERJ-FUNDAÇÃO DEPARTAMENTO DE ESTRADAS DE RODAGEM-DER RJ;especial;642º;2020.05668-7;Suspensão Administrativa;Alimentícia;2022;186026.16;150171.59;;;;;;;;2025-11-26 11:43:59.407976
Estado do Rio de Janeiro;1;RIO-PREVIDÊNCIA (03.066.219/0001-81);especial;643º;2020.05670-9;Ativo;Alimentícia;2022;156713.90;139883.12;;;;;;;;2025-11-26 11:44:02.982593
Estado do Rio de Janeiro;1;RIO-PREVIDÊNCIA (03.066.219/0001-81);especial;644º;2020.05676-8;Ativo;Alimentícia;2022;15054.70;44199.90;;;;;;;;2025-11-26 11:44:03.017945
Estado do Rio de Janeiro;1;IPERJ;especial;645º;2020.05652-0;Ativo;Alimentícia;2022;14619.24;58684.83;;;;;;;;2025-11-26 11:44:03.050610
Estado do Rio de Janeiro;1;Estado do Rio de Janeiro;especial;646º;2020.05667-9;Ativo;Alimentícia;2022;105190.99;186742.38;;;;;;;;2025-11-26 11:44:03.086515
Estado do Rio de Janeiro;1;Estado do Rio de Janeiro;especial;647º;2020.05674-1;Ativo;Alimentícia;2022;109667.27;194815.96;;;;;;;;2025-11-26 11:44:03.128261
Estado do Rio de Janeiro;1;Estado do Rio de Janeiro;especial;648º;2020.05678-4;Ativo;Alimentícia;2022;150699.31;267471.48;;;;;;;;2025-11-26 11:44:03.170394
Estado do Rio de Janeiro;1;Estado do Rio de Janeiro;especial;649º;2020.06026-9;Ativo;Alimentícia;2022;215190.60;365603.34;;;;;;;;2025-11-26 11:44:03.204326
Estado do Rio de Janeiro;1;IPERJ;especial;650º;2020.05698-9;Ativo;Alimentícia;2022;38550.99;2268.43;;;;;;;;2025-11-26 11:44:03.243509
Estado do Rio de Janeiro;1;IPERJ;especial;651º;2020.05684-9;Ativo;Alimentícia;2022;24535.61;93385.36;;;;;;;;2025-11-26 11:44:03.273418
Estado do Rio de Janeiro;1;RIO-PREVIDÊNCIA (03.066.219/0001-81);especial;652º;2020.06104-4;Ativo;Alimentícia;2022;139385.98;72858.25;;;;;;;;2025-11-26 11:44:03.305294
Estado do Rio de Janeiro;1;RIO-PREVIDÊNCIA (03.066.219/0001-81);especial;653º;2020.06022-6;Ativo;Alimentícia;2022;139385.98;237357.62;;;;;;;;2025-11-26 11:44:06.880283
Estado do Rio de Janeiro;1;RIO-PREVIDÊNCIA (03.066.219/0001-81);especial;654º;2020.05700-4;Ativo;Alimentícia;2022;1819.00;3866.99;;;;;;;;2025-11-26 11:44:06.915744
Estado do Rio de Janeiro;1;RIO-PREVIDÊNCIA (03.066.219/0001-81);especial;655º;2020.05701-2;Ativo;Alimentícia;2022;8986.31;19505.78;;;;;;;;2025-11-26 11:44:06.951616
Estado do Rio de Janeiro;1;RIO-PREVIDÊNCIA (03.066.219/0001-81);especial;656º;2020.05685-7;Ativo;Alimentícia;2022;57752.76;98894.06;;;;;;;;2025-11-26 11:44:06.986372
Estado do Rio de Janeiro;1;Estado do Rio de Janeiro;especial;657º;2020.06023-4;Ativo;Alimentícia;2022;49961.94;84791.52;;;;;;;;2025-11-26 11:44:07.016473
Estado do Rio de Janeiro;1;Estado do Rio de Janeiro;especial;658º;2020.05699-7;Ativo;Alimentícia;2022;52685.72;13891.69;;;;;;;;2025-11-26 11:44:07.046446
Estado do Rio de Janeiro;1;RIO-PREVIDÊNCIA (03.066.219/0001-81);especial;659º;2020.06019-6;Ativo;Alimentícia;2022;92257.97;7139.74;;;;;;;;2025-11-26 11:44:07.076537
Estado do Rio de Janeiro;1;RIO-PREVIDÊNCIA (03.066.219/0001-81);especial;660º;2020.06025-0;Ativo;Alimentícia;2022;39539.13;82007.39;;;;;;;;2025-11-26 11:44:07.107136
Estado do Rio de Janeiro;1;RIO-PREVIDÊNCIA (03.066.219/0001-81);especial;661º;2020.05730-6;Ativo;Alimentícia;2022;113482.38;109880.96;;;;;;;;2025-11-26 11:44:07.140885
Estado do Rio de Janeiro;1;RIO-PREVIDÊNCIA (03.066.219/0001-81);especial;662º;2020.05731-4;Ativo;Alimentícia;2022;159837.98;384019.85;;;;;;;;2025-11-26 11:44:07.170246
Estado do Rio de Janeiro;1;RIO-PREVIDÊNCIA (03.066.219/0001-81);especial;663º;2020.05710-1;Ativo;Alimentícia;2022;38173.18;83393.80;;;;;;;;2025-11-26 11:44:10.752253
Estado do Rio de Janeiro;1;RIO-PREVIDÊNCIA (03.066.219/0001-81);especial;664º;2020.05695-4;Suspensão Administrativa;Alimentícia;2022;129359.35;267794.16;;;;;;;;2025-11-26 11:44:10.790021
Estado do Rio de Janeiro;1;RIO-PREVIDÊNCIA (03.066.219/0001-81);especial;665º;2020.05735-7;Ativo;Alimentícia;2022;105357.51;54925.12;;;;;;;;2025-11-26 11:44:10.819736
Estado do Rio de Janeiro;1;RIO-PREVIDÊNCIA (03.066.219/0001-81);especial;666º;2020.05687-3;Suspensão Administrativa;Alimentícia;2022;54704.15;113249.19;;;;;;;;2025-11-26 11:44:10.849724
Estado do Rio de Janeiro;1;Estado do Rio de Janeiro;especial;667º;2020.05702-0;Ativo;Alimentícia;2022;18869.50;34034.66;;;;;;;;2025-11-26 11:44:10.881764
Estado do Rio de Janeiro;1;Estado do Rio de Janeiro;especial;668º;2020.05706-3;Ativo;Alimentícia;2022;116832.83;40970.09;;;;;;;;2025-11-26 11:44:10.910671
Estado do Rio de Janeiro;1;Estado do Rio de Janeiro;especial;669º;2020.05711-0;Ativo;Alimentícia;2022;1027632.22;1875008.75;;;;;;;;2025-11-26 11:44:10.939979
Estado do Rio de Janeiro;1;Estado do Rio de Janeiro;especial;670º;2020.05690-3;Ativo;Alimentícia;2022;66665.16;361841.85;;;;;;;;2025-11-26 11:44:10.969406
Estado do Rio de Janeiro;1;Estado do Rio de Janeiro;especial;671º;2020.05734-9;Ativo;Alimentícia;2022;66665.16;522300.83;;;;;;;;2025-11-26 11:44:11.002188
Estado do Rio de Janeiro;1;Estado do Rio de Janeiro;especial;672º;2020.05703-9;Ativo;Alimentícia;2022;145981.95;254236.67;;;;;;;;2025-11-26 11:44:11.032408
Estado do Rio de Janeiro;1;RIO-PREVIDÊNCIA (03.066.219/0001-81);especial;673º;2020.05716-0;Ativo;Alimentícia;2022;283053.52;335069.75;;;;;;;;2025-11-26 11:44:14.616900
Estado do Rio de Janeiro;1;FAETEC;especial;674º;2020.05715-2;Ativo;Alimentícia;2022;387139.13;662454.12;;;;;;;;2025-11-26 11:44:14.655314
Estado do Rio de Janeiro;1;FAETEC;especial;675º;2020.05722-5;Ativo;Alimentícia;2022;38713.91;66245.40;;;;;;;;2025-11-26 11:44:14.688501
Estado do Rio de Janeiro;1;RIO-PREVIDÊNCIA (03.066.219/0001-81);especial;676º;2020.05723-3;Ativo;Alimentícia;2022;1387380.10;5100474.81;;;;;;;;2025-11-26 11:44:14.719495
Estado do Rio de Janeiro;1;RIO-PREVIDÊNCIA (03.066.219/0001-81);especial;677º;2020.05724-1;Ativo;Alimentícia;2022;346845.03;1049815.53;;;;;;;;2025-11-26 11:44:14.752234
Estado do Rio de Janeiro;1;RIO-PREVIDÊNCIA (03.066.219/0001-81);especial;678º;2020.05704-7;Ativo;Alimentícia;2022;173422.51;524907.75;;;;;;;;2025-11-26 11:44:14.784615
Estado do Rio de Janeiro;1;Estado do Rio de Janeiro;especial;679º;2020.05714-4;Ativo;Alimentícia;2022;288610.10;579093.50;;;;;;;;2025-11-26 11:44:14.816037
Estado do Rio de Janeiro;1;RIO-PREVIDÊNCIA (03.066.219/0001-81);especial;680º;2020.05721-7;Ativo;Alimentícia;2022;72568.08;163883.69;;;;;;;;2025-11-26 11:44:14.848077
Estado do Rio de Janeiro;1;IPERJ;especial;681º;2020.05713-6;Ativo;Alimentícia;2022;58321.29;106107.00;;;;;;;;2025-11-26 11:44:14.881085
Estado do Rio de Janeiro;1;RIO-PREVIDÊNCIA (03.066.219/0001-81);especial;682º;2020.05753-5;Ativo;Alimentícia;2022;32255.72;66806.81;;;;;;;;2025-11-26 11:44:14.924154
Estado do Rio de Janeiro;1;Estado do Rio de Janeiro;especial;683º;2020.05751-9;Ativo;Alimentícia;2022;20157.92;35657.74;;;;;;;;2025-11-26 11:44:18.509857
Estado do Rio de Janeiro;1;RIO-PREVIDÊNCIA (03.066.219/0001-81);especial;684º;2020.05742-0;Ativo;Alimentícia;2022;128014.35;249945.94;;;;;;;;2025-11-26 11:44:18.546419
Estado do Rio de Janeiro;1;Estado do Rio de Janeiro;especial;685º;2020.05754-3;Ativo;Alimentícia;2022;65643.99;49052.64;;;;;;;;2025-11-26 11:44:18.581918
Estado do Rio de Janeiro;1;RIO-PREVIDÊNCIA (03.066.219/0001-81);especial;686º;2020.05748-9;Ativo;Alimentícia;2022;47892.15;90.68;;;;;;;;2025-11-26 11:44:18.617792
Estado do Rio de Janeiro;1;RIO-PREVIDÊNCIA (03.066.219/0001-81);especial;687º;2020.05758-6;Ativo;Alimentícia;2022;63419.33;121.06;;;;;;;;2025-11-26 11:44:18.655716
Estado do Rio de Janeiro;1;RIO-PREVIDÊNCIA (03.066.219/0001-81);especial;688º;2020.05750-0;Ativo;Alimentícia;2022;47892.15;81923.82;;;;;;;;2025-11-26 11:44:18.702284
Estado do Rio de Janeiro;1;Estado do Rio de Janeiro;especial;689º;2020.05767-5;Ativo;Alimentícia;2022;92630.17;17162.03;;;;;;;;2025-11-26 11:44:18.752748
Estado do Rio de Janeiro;1;Estado do Rio de Janeiro;especial;690º;2020.05789-6;Ativo;Alimentícia;2022;85285.10;83776.76;;;;;;;;2025-11-26 11:44:18.799903
Estado do Rio de Janeiro;1;FUNDERJ-FUNDAÇÃO DEPARTAMENTO DE ESTRADAS DE RODAGEM-DER RJ;especial;691º;2020.05769-1;Ativo;Alimentícia;2022;6390.83;25406.37;;;;;;;;2025-11-26 11:44:18.853688
Estado do Rio de Janeiro;1;FUNDERJ-FUNDAÇÃO DEPARTAMENTO DE ESTRADAS DE RODAGEM-DER RJ;especial;692º;2020.05801-9;Ativo;Alimentícia;2022;6390.83;25406.35;;;;;;;;2025-11-26 11:44:18.924613
Estado do Rio de Janeiro;1;FUNDERJ-FUNDAÇÃO DEPARTAMENTO DE ESTRADAS DE RODAGEM-DER RJ;especial;693º;2020.05771-3;Ativo;Alimentícia;2022;6390.82;25406.33;;;;;;;;2025-11-26 11:44:22.505978
Estado do Rio de Janeiro;1;FUNDERJ-FUNDAÇÃO DEPARTAMENTO DE ESTRADAS DE RODAGEM-DER RJ;especial;694º;2020.05770-5;Ativo;Alimentícia;2022;6390.83;25406.37;;;;;;;;2025-11-26 11:44:22.540419
Estado do Rio de Janeiro;1;FUNDERJ-FUNDAÇÃO DEPARTAMENTO DE ESTRADAS DE RODAGEM-DER RJ;especial;695º;2020.05762-4;Ativo;Alimentícia;2022;6390.83;25406.37;;;;;;;;2025-11-26 11:44:22.571350
Estado do Rio de Janeiro;1;FUNDERJ-FUNDAÇÃO DEPARTAMENTO DE ESTRADAS DE RODAGEM-DER RJ;especial;696º;2020.05760-8;Ativo;Alimentícia;2022;7515.91;29879.05;;;;;;;;2025-11-26 11:44:22.601205
Estado do Rio de Janeiro;1;RIO-PREVIDÊNCIA (03.066.219/0001-81);especial;697º;2020.05759-4;Ativo;Alimentícia;2022;58673.41;216788.65;;;;;;;;2025-11-26 11:44:22.663310
Estado do Rio de Janeiro;1;Estado do Rio de Janeiro;especial;698º;2020.05788-8;Ativo;Alimentícia;2022;5094.36;10479.58;;;;;;;;2025-11-26 11:44:22.696982
Estado do Rio de Janeiro;1;Estado do Rio de Janeiro;especial;699º;2020.05777-2;Ativo;Alimentícia;2022;5094.36;10479.58;;;;;;;;2025-11-26 11:44:22.732295
Estado do Rio de Janeiro;1;RIO-PREVIDÊNCIA (03.066.219/0001-81);especial;700º;2020.05763-2;Ativo;Alimentícia;2022;866716.18;1526079.68;;;;;;;;2025-11-26 11:44:22.767007
Estado do Rio de Janeiro;1;RIO-PREVIDÊNCIA (03.066.219/0001-81);especial;701º;2020.05768-3;Ativo;Alimentícia;2022;866716.18;1526079.68;;;;;;;;2025-11-26 11:44:22.802001
Estado do Rio de Janeiro;1;FUNDERJ-FUNDAÇÃO DEPARTAMENTO DE ESTRADAS DE RODAGEM-DER RJ;especial;702º;2020.05796-9;Ativo;Alimentícia;2022;32424.35;267.57;;;;;;;;2025-11-26 11:44:22.846865
Estado do Rio de Janeiro;1;IPERJ;especial;703º;2020.05795-0;Ativo;Alimentícia;2022;53509.18;99298.26;;;;;;;;2025-11-26 11:44:26.429274
Estado do Rio de Janeiro;1;IPERJ;especial;704º;2020.05841-8;Ativo;Alimentícia;2022;214036.72;234238.42;;;;;;;;2025-11-26 11:44:26.476698
Estado do Rio de Janeiro;1;IPERJ;especial;705º;2020.05814-0;Suspensão Administrativa;Alimentícia;2022;264676.13;1324464.94;;;;;;;;2025-11-26 11:44:26.513118
Estado do Rio de Janeiro;1;IPERJ;especial;706º;2020.05811-6;Ativo;Alimentícia;2022;25464.87;138575.40;;;;;;;;2025-11-26 11:44:26.546343
Estado do Rio de Janeiro;1;RIO-PREVIDÊNCIA (03.066.219/0001-81);especial;707º;2020.05797-7;Ativo;Alimentícia;2022;11378.56;20639.81;;;;;;;;2025-11-26 11:44:26.575821
Estado do Rio de Janeiro;1;RIO-PREVIDÊNCIA (03.066.219/0001-81);especial;708º;2020.05813-2;Ativo;Alimentícia;2022;12114.32;31844.81;;;;;;;;2025-11-26 11:44:26.604865
Estado do Rio de Janeiro;1;Estado do Rio de Janeiro;especial;709º;2020.05818-3;Ativo;Alimentícia;2022;87935.06;682.29;;;;;;;;2025-11-26 11:44:26.635180
Estado do Rio de Janeiro;1;FUNDERJ-FUNDAÇÃO DEPARTAMENTO DE ESTRADAS DE RODAGEM-DER RJ;especial;710º;2020.05800-0;Ativo;Alimentícia;2022;7515.90;29879.00;;;;;;;;2025-11-26 11:44:26.664797
Estado do Rio de Janeiro;1;FUNDERJ-FUNDAÇÃO DEPARTAMENTO DE ESTRADAS DE RODAGEM-DER RJ;especial;711º;2020.05802-7;Ativo;Alimentícia;2022;7515.91;29879.05;;;;;;;;2025-11-26 11:44:26.693986
Estado do Rio de Janeiro;1;FUNDERJ-FUNDAÇÃO DEPARTAMENTO DE ESTRADAS DE RODAGEM-DER RJ;especial;712º;2020.05805-1;Ativo;Alimentícia;2022;7515.90;29879.00;;;;;;;;2025-11-26 11:44:26.725230
Estado do Rio de Janeiro;1;RIO-PREVIDÊNCIA (03.066.219/0001-81);especial;713º;2020.05815-9;Ativo;Alimentícia;2022;56515.63;133367.78;;;;;;;;2025-11-26 11:44:30.307302
Estado do Rio de Janeiro;1;RIO-PREVIDÊNCIA (03.066.219/0001-81);especial;714º;2020.05799-3;Ativo;Alimentícia;2022;57125.97;134807.86;;;;;;;;2025-11-26 11:44:30.341280
Estado do Rio de Janeiro;1;Estado do Rio de Janeiro;especial;715º;2020.05812-4;Ativo;Alimentícia;2022;1076774.45;2314487.48;;;;;;;;2025-11-26 11:44:30.377331
Estado do Rio de Janeiro;1;RIO-PREVIDÊNCIA (03.066.219/0001-81);especial;716º;2020.05798-5;Ativo;Alimentícia;2022;228043.34;1044616.25;;;;;;;;2025-11-26 11:44:30.412226
Estado do Rio de Janeiro;1;RIO-PREVIDÊNCIA (03.066.219/0001-81);especial;717º;2020.05866-3;Ativo;Alimentícia;2022;20567.31;36686.72;;;;;;;;2025-11-26 11:44:30.446764
Estado do Rio de Janeiro;1;UNIVERSIDADE ESTADUAL DO NORTE FLUMINENSE DARCY RIBEIRO - UENF;especial;718º;2020.05844-2;Ativo;Alimentícia;2022;47427.54;89720.86;;;;;;;;2025-11-26 11:44:30.480431
Estado do Rio de Janeiro;1;RIO-PREVIDÊNCIA (03.066.219/0001-81);especial;719º;2020.05849-3;Ativo;Alimentícia;2022;84016.75;152080.88;;;;;;;;2025-11-26 11:44:30.514651
Estado do Rio de Janeiro;1;RIO-PREVIDÊNCIA (03.066.219/0001-81);especial;720º;2020.05839-6;Ativo;Alimentícia;2022;40122.63;70816.72;;;;;;;;2025-11-26 11:44:30.546044
Estado do Rio de Janeiro;1;RIO-PREVIDÊNCIA (03.066.219/0001-81);especial;721º;2020.05845-0;Ativo;Alimentícia;2022;194183.53;200995.41;;;;;;;;2025-11-26 11:44:30.575201
Estado do Rio de Janeiro;1;RIO-PREVIDÊNCIA (03.066.219/0001-81);especial;722º;2020.05823-0;Ativo;Alimentícia;2022;196797.80;470969.31;;;;;;;;2025-11-26 11:44:30.607776
Estado do Rio de Janeiro;1;Estado do Rio de Janeiro;especial;723º;2020.05816-7;Ativo;Alimentícia;2022;22260.22;39745.38;;;;;;;;2025-11-26 11:44:34.170712
Estado do Rio de Janeiro;1;Estado do Rio de Janeiro;especial;724º;2020.05847-7;Ativo;Alimentícia;2022;111301.14;111753.18;;;;;;;;2025-11-26 11:44:34.204348
Estado do Rio de Janeiro;1;Estado do Rio de Janeiro;especial;725º;2020.05817-5;Ativo;Alimentícia;2022;111301.14;23397.05;;;;;;;;2025-11-26 11:44:34.236604
Estado do Rio de Janeiro;1;Estado do Rio de Janeiro;especial;726º;2020.05832-9;Ativo;Alimentícia;2022;76898.97;164366.77;;;;;;;;2025-11-26 11:44:34.267427
Estado do Rio de Janeiro;1;RIO-PREVIDÊNCIA (03.066.219/0001-81);especial;727º;2020.05810-8;Ativo;Alimentícia;2022;290209.50;324954.45;;;;;;;;2025-11-26 11:44:34.300268
Estado do Rio de Janeiro;1;RIO-PREVIDÊNCIA (03.066.219/0001-81);especial;728º;2020.05834-5;Ativo;Alimentícia;2022;29020.95;47490.05;;;;;;;;2025-11-26 11:44:34.336488
Estado do Rio de Janeiro;1;PRODERJ;especial;729º;2020.05874-4;Ativo;Alimentícia;2022;203489.74;279512.07;;;;;;;;2025-11-26 11:44:34.366827
Estado do Rio de Janeiro;1;DETRAN;especial;730º;2020.05879-5;Ativo;Alimentícia;2022;62767.33;10641.37;;;;;;;;2025-11-26 11:44:34.395566
Estado do Rio de Janeiro;1;DETRAN;especial;731º;2020.05829-9;Ativo;Alimentícia;2022;43227.82;99437.87;;;;;;;;2025-11-26 11:44:34.430885
Estado do Rio de Janeiro;1;DETRAN;especial;732º;2020.05825-6;Ativo;Alimentícia;2022;35603.33;81899.09;;;;;;;;2025-11-26 11:44:34.465078
Estado do Rio de Janeiro;1;Estado do Rio de Janeiro;especial;733º;2020.05870-1;Ativo;Alimentícia;2022;146624.51;113544.67;;;;;;;;2025-11-26 11:44:38.042609
Estado do Rio de Janeiro;1;Estado do Rio de Janeiro;especial;734º;2020.06106-0;Ativo;Alimentícia;2022;6149.16;11596.94;;;;;;;;2025-11-26 11:44:38.077108
Estado do Rio de Janeiro;1;Estado do Rio de Janeiro;especial;735º;2020.05840-0;Ativo;Alimentícia;2022;37919.91;71514.58;;;;;;;;2025-11-26 11:44:38.106234
Estado do Rio de Janeiro;1;Estado do Rio de Janeiro;especial;736º;2020.05848-5;Ativo;Alimentícia;2022;37919.91;71514.59;;;;;;;;2025-11-26 11:44:38.135725
Estado do Rio de Janeiro;1;Estado do Rio de Janeiro;especial;737º;2020.05846-9;Ativo;Alimentícia;2022;11888.46;22418.83;;;;;;;;2025-11-26 11:44:38.170263
Estado do Rio de Janeiro;1;RIO-PREVIDÊNCIA (03.066.219/0001-81);especial;738º;2020.05890-6;Ativo;Alimentícia;2022;147084.34;248538.05;;;;;;;;2025-11-26 11:44:38.199792
Estado do Rio de Janeiro;1;RIO-PREVIDÊNCIA (03.066.219/0001-81);especial;739º;2020.05889-2;Ativo;Alimentícia;2022;63036.14;175153.46;;;;;;;;2025-11-26 11:44:38.229153
Estado do Rio de Janeiro;1;Estado do Rio de Janeiro;especial;740º;2020.05837-0;Ativo;Alimentícia;2022;348131.50;406618.21;;;;;;;;2025-11-26 11:44:38.257483
Estado do Rio de Janeiro;1;FUNDERJ-FUNDAÇÃO DEPARTAMENTO DE ESTRADAS DE RODAGEM-DER RJ;especial;741º;2020.05835-3;Ativo;Alimentícia;2022;755948.43;1138330.20;;;;;;;;2025-11-26 11:44:38.285900
Estado do Rio de Janeiro;1;Estado do Rio de Janeiro;especial;742º;2020.05836-1;Ativo;Alimentícia;2022;139301.27;277254.32;;;;;;;;2025-11-26 11:44:38.321878
Estado do Rio de Janeiro;1;Estado do Rio de Janeiro;especial;743º;2020.05894-9;Ativo;Alimentícia;2022;139301.27;277254.32;;;;;;;;2025-11-26 11:44:41.901262
Estado do Rio de Janeiro;1;Estado do Rio de Janeiro;especial;744º;2020.05891-4;Suspensão Administrativa;Alimentícia;2022;139301.27;114107.36;;;;;;;;2025-11-26 11:44:41.933417
Estado do Rio de Janeiro;1;Estado do Rio de Janeiro;especial;745º;2020.05896-5;Ativo;Alimentícia;2022;139301.27;270293.22;;;;;;;;2025-11-26 11:44:41.964161
Estado do Rio de Janeiro;1;Estado do Rio de Janeiro;especial;746º;2020.05892-2;Ativo;Alimentícia;2022;139301.27;270293.22;;;;;;;;2025-11-26 11:44:41.995806
Estado do Rio de Janeiro;1;Estado do Rio de Janeiro;especial;747º;2020.05895-7;Ativo;Alimentícia;2022;139301.27;270293.22;;;;;;;;2025-11-26 11:44:42.026182
Estado do Rio de Janeiro;1;RIO-PREVIDÊNCIA (03.066.219/0001-81);especial;748º;2020.05898-1;Ativo;Alimentícia;2022;40771.66;70169.67;;;;;;;;2025-11-26 11:44:42.055697
Estado do Rio de Janeiro;1;RIO-PREVIDÊNCIA (03.066.219/0001-81);especial;749º;2020.05878-7;Ativo;Alimentícia;2022;125383.26;214213.85;;;;;;;;2025-11-26 11:44:42.087783
Estado do Rio de Janeiro;1;RIO-PREVIDÊNCIA (03.066.219/0001-81);especial;750º;2020.05909-0;Ativo;Alimentícia;2022;376149.81;642641.56;;;;;;;;2025-11-26 11:44:42.121791
Estado do Rio de Janeiro;1;Estado do Rio de Janeiro;especial;751º;2020.05899-0;Ativo;Alimentícia;2022;9181.70;16458.46;;;;;;;;2025-11-26 11:44:42.156661
Estado do Rio de Janeiro;1;Estado do Rio de Janeiro;especial;752º;2020.05903-1;Ativo;Alimentícia;2022;246973.16;365437.75;;;;;;;;2025-11-26 11:44:42.192031
Estado do Rio de Janeiro;1;Estado do Rio de Janeiro;especial;753º;2020.05883-3;Ativo;Alimentícia;2022;138280.38;77974.25;;;;;;;;2025-11-26 11:44:45.784842
Estado do Rio de Janeiro;1;Estado do Rio de Janeiro;especial;754º;2020.05882-5;Ativo;Alimentícia;2022;46093.46;80309.62;;;;;;;;2025-11-26 11:44:45.820159
Estado do Rio de Janeiro;1;Estado do Rio de Janeiro;especial;755º;2020.05951-1;Ativo;Alimentícia;2022;198414.39;186745.81;;;;;;;;2025-11-26 11:44:45.853713
Estado do Rio de Janeiro;1;RIO-PREVIDÊNCIA (03.066.219/0001-81);especial;756º;2020.05920-1;Suspensão Administrativa;Alimentícia;2022;41742.31;2127.12;;;;;;;;2025-11-26 11:44:45.888065
Estado do Rio de Janeiro;1;Estado do Rio de Janeiro;especial;757º;2020.05914-7;Suspensão Administrativa;Alimentícia;2022;220741.49;425831.44;;;;;;;;2025-11-26 11:44:45.917580
Estado do Rio de Janeiro;1;Estado do Rio de Janeiro;especial;758º;2020.05908-2;Ativo;Alimentícia;2022;309051.57;432391.50;;;;;;;;2025-11-26 11:44:45.945996
Estado do Rio de Janeiro;1;RIO-PREVIDÊNCIA (03.066.219/0001-81);especial;759º;2020.05927-9;Ativo;Alimentícia;2022;163639.10;123384.09;;;;;;;;2025-11-26 11:44:45.974813
Estado do Rio de Janeiro;1;RIO-PREVIDÊNCIA (03.066.219/0001-81);especial;760º;2020.05912-0;Ativo;Alimentícia;2022;163639.10;123384.09;;;;;;;;2025-11-26 11:44:46.026043
Estado do Rio de Janeiro;1;Estado do Rio de Janeiro;especial;761º;2020.05921-0;Ativo;Alimentícia;2022;802722.88;1365405.50;;;;;;;;2025-11-26 11:44:46.055642
Estado do Rio de Janeiro;1;RIO-PREVIDÊNCIA (03.066.219/0001-81);especial;762º;2020.05942-2;Ativo;Alimentícia;2022;118943.32;87586.52;;;;;;;;2025-11-26 11:44:46.084769
Estado do Rio de Janeiro;1;RIO-PREVIDÊNCIA (03.066.219/0001-81);especial;763º;2020.05947-3;Ativo;Alimentícia;2022;5417.33;10892.84;;;;;;;;2025-11-26 11:44:49.672308
Estado do Rio de Janeiro;1;RIO-PREVIDÊNCIA (03.066.219/0001-81);especial;764º;2020.05956-2;Ativo;Alimentícia;2022;5417.33;10892.84;;;;;;;;2025-11-26 11:44:49.706468
Estado do Rio de Janeiro;1;Estado do Rio de Janeiro;especial;765º;2020.05946-5;Ativo;Alimentícia;2022;37062.40;68111.61;;;;;;;;2025-11-26 11:44:49.737077
Estado do Rio de Janeiro;1;Estado do Rio de Janeiro;especial;766º;2020.05940-6;Ativo;Alimentícia;2022;148249.63;109491.83;;;;;;;;2025-11-26 11:44:49.768168
Estado do Rio de Janeiro;1;RIO-PREVIDÊNCIA (03.066.219/0001-81);especial;767º;2020.05954-6;Ativo;Alimentícia;2022;53824.97;92859.37;;;;;;;;2025-11-26 11:44:49.802453
Estado do Rio de Janeiro;1;RIO-PREVIDÊNCIA (03.066.219/0001-81);especial;768º;2020.05948-1;Ativo;Alimentícia;2022;13456.24;23214.84;;;;;;;;2025-11-26 11:44:49.836659
Estado do Rio de Janeiro;1;Estado do Rio de Janeiro;especial;769º;2020.05928-7;Ativo;Alimentícia;2022;61365.09;110112.62;;;;;;;;2025-11-26 11:44:49.869866
Estado do Rio de Janeiro;1;IPERJ;especial;770º;2020.05930-9;Ativo;Alimentícia;2022;135233.69;132630.15;;;;;;;;2025-11-26 11:44:49.903495
Estado do Rio de Janeiro;1;Estado do Rio de Janeiro;especial;771º;2020.05944-9;Suspensão Administrativa;Alimentícia;2022;145602.10;252336.28;;;;;;;;2025-11-26 11:44:49.935218
Estado do Rio de Janeiro;1;Estado do Rio de Janeiro;especial;772º;2020.05932-5;Ativo;Alimentícia;2022;523363.87;1084618.56;;;;;;;;2025-11-26 11:44:49.967372
Estado do Rio de Janeiro;1;Estado do Rio de Janeiro;especial;773º;2020.05953-8;Suspensão Administrativa;Alimentícia;2022;83738.22;173548.31;;;;;;;;2025-11-26 11:44:53.540701
Estado do Rio de Janeiro;1;Estado do Rio de Janeiro;especial;774º;2020.05996-1;Ativo;Alimentícia;2022;93980.92;216724.47;;;;;;;;2025-11-26 11:44:53.575429
Estado do Rio de Janeiro;1;Estado do Rio de Janeiro;especial;775º;2020.05935-0;Ativo;Alimentícia;2022;247622.04;561111.86;;;;;;;;2025-11-26 11:44:53.617315
Estado do Rio de Janeiro;1;Estado do Rio de Janeiro;especial;776º;2020.05938-4;Ativo;Alimentícia;2022;245779.30;556779.31;;;;;;;;2025-11-26 11:44:53.647185
Estado do Rio de Janeiro;1;Estado do Rio de Janeiro;especial;777º;2020.05933-3;Ativo;Alimentícia;2022;181003.60;247176.96;;;;;;;;2025-11-26 11:44:53.676296
Estado do Rio de Janeiro;1;Estado do Rio de Janeiro;especial;778º;2020.05936-8;Ativo;Alimentícia;2022;200320.86;453771.54;;;;;;;;2025-11-26 11:44:53.706520
Estado do Rio de Janeiro;1;RIO-PREVIDÊNCIA (03.066.219/0001-81);especial;779º;2020.05976-7;Ativo;Alimentícia;2022;69109.87;121046.62;;;;;;;;2025-11-26 11:44:53.736965
Estado do Rio de Janeiro;1;Estado do Rio de Janeiro;especial;780º;2020.05998-8;Ativo;Alimentícia;2022;104036.70;45796.06;;;;;;;;2025-11-26 11:44:53.767429
Estado do Rio de Janeiro;1;RIO-PREVIDÊNCIA (03.066.219/0001-81);especial;781º;2020.06032-3;Ativo;Alimentícia;2022;83441.93;181849.77;;;;;;;;2025-11-26 11:44:53.802737
Estado do Rio de Janeiro;1;RIO-PREVIDÊNCIA (03.066.219/0001-81);especial;782º;2020.05971-6;Ativo;Alimentícia;2022;83320.12;257.61;;;;;;;;2025-11-26 11:44:53.835771
Estado do Rio de Janeiro;1;RIO-PREVIDÊNCIA (03.066.219/0001-81);especial;783º;2020.05970-8;Ativo;Alimentícia;2022;83320.12;132037.82;;;;;;;;2025-11-26 11:44:57.412530
Estado do Rio de Janeiro;1;RIO-PREVIDÊNCIA (03.066.219/0001-81);especial;784º;2020.05969-4;Ativo;Alimentícia;2022;83320.12;1674.12;;;;;;;;2025-11-26 11:44:57.449382
Estado do Rio de Janeiro;1;RIO-PREVIDÊNCIA (03.066.219/0001-81);especial;785º;2020.05984-8;Ativo;Alimentícia;2022;83441.93;18895.14;;;;;;;;2025-11-26 11:44:57.481103
Estado do Rio de Janeiro;1;Estado do Rio de Janeiro;especial;786º;2020.06069-2;Ativo;Alimentícia;2022;139312.85;88394.15;;;;;;;;2025-11-26 11:44:57.512822
Estado do Rio de Janeiro;1;FUNDERJ-FUNDAÇÃO DEPARTAMENTO DE ESTRADAS DE RODAGEM-DER RJ;especial;787º;2020.06031-5;Suspensão Administrativa;Alimentícia;2022;123179.48;12421.21;;;;;;;;2025-11-26 11:44:57.542407
Estado do Rio de Janeiro;1;UERJ;especial;788º;2020.06037-4;Ativo;Alimentícia;2022;184861.38;391471.20;;;;;;;;2025-11-26 11:44:57.571093
Estado do Rio de Janeiro;1;RIO-PREVIDÊNCIA (03.066.219/0001-81);especial;789º;2020.06035-8;Ativo;Alimentícia;2022;85040.88;187341.03;;;;;;;;2025-11-26 11:44:57.600173
Estado do Rio de Janeiro;1;RIO-PREVIDÊNCIA (03.066.219/0001-81);especial;790º;2020.06064-1;Suspensão Administrativa;Alimentícia;2022;198428.74;319373.19;;;;;;;;2025-11-26 11:44:57.628714
Estado do Rio de Janeiro;1;PRODERJ;especial;791º;2020.06041-2;Ativo;Alimentícia;2022;25102.11;43621.40;;;;;;;;2025-11-26 11:44:57.656950
Estado do Rio de Janeiro;1;PRODERJ;especial;792º;2020.06044-7;Ativo;Alimentícia;2022;225919.11;229666.17;;;;;;;;2025-11-26 11:44:57.686678
Estado do Rio de Janeiro;1;RIO-PREVIDÊNCIA (03.066.219/0001-81);especial;793º;2020.06038-2;Ativo;Alimentícia;2022;687973.14;1731403.27;;;;;;;;2025-11-26 11:45:01.265910
Estado do Rio de Janeiro;1;Estado do Rio de Janeiro;especial;794º;2020.06068-4;Ativo;Alimentícia;2022;59347.54;12675.72;;;;;;;;2025-11-26 11:45:01.300276
Estado do Rio de Janeiro;1;RIO-PREVIDÊNCIA (03.066.219/0001-81);especial;795º;2020.06052-8;Ativo;Alimentícia;2022;136305.97;70058.86;;;;;;;;2025-11-26 11:45:01.334068
Estado do Rio de Janeiro;1;FUNDERJ-FUNDAÇÃO DEPARTAMENTO DE ESTRADAS DE RODAGEM-DER RJ;especial;796º;2020.06061-7;Ativo;Alimentícia;2022;7278.35;66307.38;;;;;;;;2025-11-26 11:45:01.368236
Estado do Rio de Janeiro;1;Estado do Rio de Janeiro;especial;797º;2020.06246-6;Ativo;Alimentícia;2022;4033.20;10872.90;;;;;;;;2025-11-26 11:45:01.399981
Estado do Rio de Janeiro;1;IPERJ;especial;798º;2020.06254-7;Ativo;Alimentícia;2022;56878.27;115867.63;;;;;;;;2025-11-26 11:45:01.428407
Estado do Rio de Janeiro;1;RIO-PREVIDÊNCIA (03.066.219/0001-81);especial;799º;2020.06241-5;Ativo;Alimentícia;2022;69415.55;163444.58;;;;;;;;2025-11-26 11:45:01.457685
Estado do Rio de Janeiro;1;RIO-PREVIDÊNCIA (03.066.219/0001-81);especial;800º;2020.06247-4;Ativo;Alimentícia;2022;208246.65;327379.11;;;;;;;;2025-11-26 11:45:01.488025
Estado do Rio de Janeiro;1;Estado do Rio de Janeiro;especial;801º;2020.06256-3;Ativo;Alimentícia;2022;108674.32;533991.79;;;;;;;;2025-11-26 11:45:01.519358
Estado do Rio de Janeiro;1;Estado do Rio de Janeiro;especial;802º;2020.06205-9;Suspensão Administrativa;Alimentícia;2022;291458.66;528849.41;;;;;;;;2025-11-26 11:45:01.547793
Estado do Rio de Janeiro;1;Estado do Rio de Janeiro;especial;803º;2020.06255-5;Ativo;Alimentícia;2022;145729.33;285440.35;;;;;;;;2025-11-26 11:45:05.141907
Estado do Rio de Janeiro;1;RIO-PREVIDÊNCIA (03.066.219/0001-81);especial;804º;2020.06253-9;Suspensão Administrativa;Alimentícia;2022;128016.75;218537.64;;;;;;;;2025-11-26 11:45:05.177072
Estado do Rio de Janeiro;1;RIO-PREVIDÊNCIA (03.066.219/0001-81);especial;805º;2020.06248-2;Ativo;Alimentícia;2022;54864.31;93658.96;;;;;;;;2025-11-26 11:45:05.206053
Estado do Rio de Janeiro;1;Estado do Rio de Janeiro;especial;806º;2020.06208-3;Ativo;Alimentícia;2022;725779.06;1071248.97;;;;;;;;2025-11-26 11:45:05.236123
Estado do Rio de Janeiro;1;Estado do Rio de Janeiro;especial;807º;2020.06252-0;Ativo;Alimentícia;2022;171748.37;128594.41;;;;;;;;2025-11-26 11:45:05.267701
Estado do Rio de Janeiro;1;RIO-PREVIDÊNCIA (03.066.219/0001-81);especial;808º;2020.06245-8;Ativo;Alimentícia;2022;222161.49;271798.95;;;;;;;;2025-11-26 11:45:05.297275
Estado do Rio de Janeiro;1;RIO-PREVIDÊNCIA (03.066.219/0001-81);especial;809º;2020.06250-4;Ativo;Alimentícia;2022;94917.21;22791.91;;;;;;;;2025-11-26 11:45:05.327020
Estado do Rio de Janeiro;1;FUNDERJ-FUNDAÇÃO DEPARTAMENTO DE ESTRADAS DE RODAGEM-DER RJ;especial;810º;2020.06215-6;Ativo;Alimentícia;2022;7278.35;66307.38;;;;;;;;2025-11-26 11:45:05.356563
Estado do Rio de Janeiro;1;RIO-PREVIDÊNCIA (03.066.219/0001-81);especial;811º;2020.06242-3;Ativo;Alimentícia;2022;19584.28;32977.74;;;;;;;;2025-11-26 11:45:05.384819
Estado do Rio de Janeiro;1;RIO-PREVIDÊNCIA (03.066.219/0001-81);especial;812º;2020.06219-9;Ativo;Alimentícia;2022;26112.36;17950.60;;;;;;;;2025-11-26 11:45:05.415860
Estado do Rio de Janeiro;1;RIO-PREVIDÊNCIA (03.066.219/0001-81);especial;813º;2020.06045-5;Ativo;Alimentícia;2022;11663.73;21198.18;;;;;;;;2025-11-26 11:45:09.021897
Estado do Rio de Janeiro;1;SUDERJ;especial;814º;2020.06076-5;Ativo;Alimentícia;2022;59129.45;3890.79;;;;;;;;2025-11-26 11:45:09.081899
Estado do Rio de Janeiro;1;RIO-PREVIDÊNCIA (03.066.219/0001-81);especial;815º;2020.06071-4;Ativo;Alimentícia;2022;15097.00;32659.12;;;;;;;;2025-11-26 11:45:09.120864
Estado do Rio de Janeiro;1;RIO-PREVIDÊNCIA (03.066.219/0001-81);especial;816º;2020.06103-6;Ativo;Alimentícia;2022;70763.52;121833.20;;;;;;;;2025-11-26 11:45:09.157198
Estado do Rio de Janeiro;1;RIO-PREVIDÊNCIA (03.066.219/0001-81);especial;817º;2020.06081-1;Ativo;Alimentícia;2022;89257.87;37946.22;;;;;;;;2025-11-26 11:45:09.192443
Estado do Rio de Janeiro;1;FUNDERJ-FUNDAÇÃO DEPARTAMENTO DE ESTRADAS DE RODAGEM-DER RJ;especial;818º;2020.06073-0;Suspensão Administrativa;Alimentícia;2022;70830.59;8439.09;;;;;;;;2025-11-26 11:45:09.222923
Estado do Rio de Janeiro;1;FUNDERJ-FUNDAÇÃO DEPARTAMENTO DE ESTRADAS DE RODAGEM-DER RJ;especial;819º;2020.06074-9;Suspensão Administrativa;Alimentícia;2022;86770.82;10338.31;;;;;;;;2025-11-26 11:45:09.257358
Estado do Rio de Janeiro;1;FUNDERJ-FUNDAÇÃO DEPARTAMENTO DE ESTRADAS DE RODAGEM-DER RJ;especial;820º;2020.06075-7;Ativo;Alimentícia;2022;115698.60;208006.58;;;;;;;;2025-11-26 11:45:09.291054
Estado do Rio de Janeiro;1;RIO-PREVIDÊNCIA (03.066.219/0001-81);especial;821º;2020.06083-8;Ativo;Alimentícia;2022;153361.79;142201.86;;;;;;;;2025-11-26 11:45:09.322774
Estado do Rio de Janeiro;1;RIO-PREVIDÊNCIA (03.066.219/0001-81);especial;822º;2020.06097-8;Suspensão Administrativa;Alimentícia;2022;47394.30;102758.46;;;;;;;;2025-11-26 11:45:09.359050
Estado do Rio de Janeiro;1;RIO-PREVIDÊNCIA (03.066.219/0001-81);especial;823º;2020.06099-4;Ativo;Alimentícia;2022;47394.30;102993.74;;;;;;;;2025-11-26 11:45:12.941659
Estado do Rio de Janeiro;1;Estado do Rio de Janeiro;especial;824º;2020.06112-5;Ativo;Alimentícia;2022;56385.00;95931.05;;;;;;;;2025-11-26 11:45:12.973791
Estado do Rio de Janeiro;1;Estado do Rio de Janeiro;especial;825º;2020.06175-3;Suspensão Administrativa;Alimentícia;2022;17032.00;29034.14;;;;;;;;2025-11-26 11:45:13.015315
Estado do Rio de Janeiro;1;Estado do Rio de Janeiro;especial;826º;2020.06109-5;Ativo;Alimentícia;2022;263130.03;285247.03;;;;;;;;2025-11-26 11:45:13.055542
Estado do Rio de Janeiro;1;Estado do Rio de Janeiro;especial;827º;2020.06113-3;Ativo;Alimentícia;2022;56385.00;96043.21;;;;;;;;2025-11-26 11:45:13.092676
Estado do Rio de Janeiro;1;Estado do Rio de Janeiro;especial;828º;2020.06107-9;Suspensão Administrativa;Alimentícia;2022;17032.00;29034.14;;;;;;;;2025-11-26 11:45:13.123403
Estado do Rio de Janeiro;1;RIO-PREVIDÊNCIA (03.066.219/0001-81);especial;829º;2020.06111-7;Suspensão Administrativa;Alimentícia;2022;128375.11;236018.51;;;;;;;;2025-11-26 11:45:13.207178
Estado do Rio de Janeiro;1;RIO-PREVIDÊNCIA (03.066.219/0001-81);especial;830º;2020.06077-3;Ativo;Alimentícia;2022;32093.77;59004.62;;;;;;;;2025-11-26 11:45:13.248107
Estado do Rio de Janeiro;1;Estado do Rio de Janeiro;especial;831º;2020.06079-0;Ativo;Alimentícia;2022;28606.24;53805.88;;;;;;;;2025-11-26 11:45:13.279145
Estado do Rio de Janeiro;1;Estado do Rio de Janeiro;especial;832º;2020.06110-9;Suspensão Administrativa;Alimentícia;2022;114424.97;218493.43;;;;;;;;2025-11-26 11:45:13.308680
Estado do Rio de Janeiro;1;FUNDERJ-FUNDAÇÃO DEPARTAMENTO DE ESTRADAS DE RODAGEM-DER RJ;especial;833º;2020.06118-4;Ativo;Alimentícia;2022;10917.53;2090.74;;;;;;;;2025-11-26 11:45:16.894005
Estado do Rio de Janeiro;1;Estado do Rio de Janeiro;especial;834º;2020.06121-4;Ativo;Alimentícia;2022;45457.36;91860.28;;;;;;;;2025-11-26 11:45:16.924739
Estado do Rio de Janeiro;1;FUNDERJ-FUNDAÇÃO DEPARTAMENTO DE ESTRADAS DE RODAGEM-DER RJ;especial;835º;2020.06403-5;Ativo;Alimentícia;2022;16319.85;39040.62;;;;;;;;2025-11-26 11:45:16.955499
Estado do Rio de Janeiro;1;FUNDERJ-FUNDAÇÃO DEPARTAMENTO DE ESTRADAS DE RODAGEM-DER RJ;especial;836º;2020.06132-0;Ativo;Alimentícia;2022;10917.53;21145.10;;;;;;;;2025-11-26 11:45:16.995398
Estado do Rio de Janeiro;1;FUNDERJ-FUNDAÇÃO DEPARTAMENTO DE ESTRADAS DE RODAGEM-DER RJ;especial;837º;2020.06127-3;Ativo;Alimentícia;2022;66403.68;7911.66;;;;;;;;2025-11-26 11:45:17.032092
Estado do Rio de Janeiro;1;PRODERJ;especial;838º;2020.06165-6;Ativo;Alimentícia;2022;1144054.65;1942624.16;;;;;;;;2025-11-26 11:45:17.068982
Estado do Rio de Janeiro;1;Estado do Rio de Janeiro;especial;839º;2020.06133-8;Suspensão Administrativa;Alimentícia;2022;418639.20;525072.00;;;;;;;;2025-11-26 11:45:17.102749
Estado do Rio de Janeiro;1;Estado do Rio de Janeiro;especial;840º;2020.06131-1;Ativo;Alimentícia;2022;110987.68;245208.44;;;;;;;;2025-11-26 11:45:17.135792
Estado do Rio de Janeiro;1;FUNDERJ-FUNDAÇÃO DEPARTAMENTO DE ESTRADAS DE RODAGEM-DER RJ;especial;841º;2020.06176-1;Ativo;Alimentícia;2022;16603.90;80249.52;;;;;;;;2025-11-26 11:45:17.170957
Estado do Rio de Janeiro;1;FUNDERJ-FUNDAÇÃO DEPARTAMENTO DE ESTRADAS DE RODAGEM-DER RJ;especial;842º;2020.06145-1;Ativo;Alimentícia;2022;16603.90;190.97;;;;;;;;2025-11-26 11:45:17.200081
Estado do Rio de Janeiro;1;RIO-PREVIDÊNCIA (03.066.219/0001-81);especial;843º;2020.06140-0;Ativo;Alimentícia;2022;2196375.27;4282692.97;;;;;;;;2025-11-26 11:45:20.769302
Estado do Rio de Janeiro;1;RIO-PREVIDÊNCIA (03.066.219/0001-81);especial;844º;2020.06139-7;Ativo;Alimentícia;2022;166870.84;504254.13;;;;;;;;2025-11-26 11:45:20.798272
Estado do Rio de Janeiro;1;RIO-PREVIDÊNCIA (03.066.219/0001-81);especial;845º;2020.06171-0;Ativo;Alimentícia;2022;166870.84;341299.49;;;;;;;;2025-11-26 11:45:20.828330
Estado do Rio de Janeiro;1;Estado do Rio de Janeiro;especial;846º;2020.06144-3;Ativo;Alimentícia;2022;71875.96;33813.20;;;;;;;;2025-11-26 11:45:20.858329
Estado do Rio de Janeiro;1;RIO-PREVIDÊNCIA (03.066.219/0001-81);especial;847º;2020.06147-8;Suspensão Administrativa;Alimentícia;2022;148017.12;141181.23;;;;;;;;2025-11-26 11:45:20.887475
Estado do Rio de Janeiro;1;Estado do Rio de Janeiro;especial;848º;2020.06142-7;Ativo;Alimentícia;2022;31835.45;64027.84;;;;;;;;2025-11-26 11:45:20.917567
Estado do Rio de Janeiro;1;Estado do Rio de Janeiro;especial;849º;2020.06146-0;Ativo;Alimentícia;2022;31835.45;64027.84;;;;;;;;2025-11-26 11:45:20.949331
Estado do Rio de Janeiro;1;Estado do Rio de Janeiro;especial;850º;2020.06151-6;Suspensão Administrativa;Alimentícia;2022;57725.97;122329.63;;;;;;;;2025-11-26 11:45:20.979281
Estado do Rio de Janeiro;1;RIO-PREVIDÊNCIA (03.066.219/0001-81);especial;851º;2020.06179-6;Suspensão Administrativa;Alimentícia;2022;1066211.15;2696297.86;;;;;;;;2025-11-26 11:45:21.009796
Estado do Rio de Janeiro;1;IPERJ;especial;852º;2020.06154-0;Suspensão Administrativa;Alimentícia;2022;44058.77;149190.61;;;;;;;;2025-11-26 11:45:21.040103
Estado do Rio de Janeiro;1;IPERJ;especial;853º;2020.06190-7;Ativo;Alimentícia;2022;47495.35;11925.48;;;;;;;;2025-11-26 11:45:24.621571
Estado do Rio de Janeiro;1;IPERJ;especial;854º;2020.06181-8;Suspensão Administrativa;Alimentícia;2022;67198.28;430364.65;;;;;;;;2025-11-26 11:45:24.656676
Estado do Rio de Janeiro;1;Estado do Rio de Janeiro;especial;855º;2020.06152-4;Ativo;Alimentícia;2022;131704.97;80961.86;;;;;;;;2025-11-26 11:45:24.690784
Estado do Rio de Janeiro;1;Estado do Rio de Janeiro;especial;856º;2020.06182-6;Ativo;Alimentícia;2022;42581.58;78838.20;;;;;;;;2025-11-26 11:45:24.731230
Estado do Rio de Janeiro;1;RIO-PREVIDÊNCIA (03.066.219/0001-81);especial;857º;2020.06187-7;Ativo;Alimentícia;2022;49448.89;84175.31;;;;;;;;2025-11-26 11:45:24.765574
Estado do Rio de Janeiro;1;Estado do Rio de Janeiro;especial;858º;2020.06194-0;Suspensão Administrativa;Alimentícia;2022;303127.24;335812.58;;;;;;;;2025-11-26 11:45:24.798740
Estado do Rio de Janeiro;1;RIO-PREVIDÊNCIA (03.066.219/0001-81);especial;859º;2020.06185-0;Ativo;Alimentícia;2022;102015.18;211684.20;;;;;;;;2025-11-26 11:45:24.831790
Estado do Rio de Janeiro;1;RIO-PREVIDÊNCIA (03.066.219/0001-81);especial;860º;2020.06207-5;Ativo;Alimentícia;2022;204034.93;260422.89;;;;;;;;2025-11-26 11:45:24.859620
Estado do Rio de Janeiro;1;FUNDERJ-FUNDAÇÃO DEPARTAMENTO DE ESTRADAS DE RODAGEM-DER RJ;especial;861º;2020.06199-0;Ativo;Alimentícia;2022;112243.86;191686.65;;;;;;;;2025-11-26 11:45:24.887986
Estado do Rio de Janeiro;1;Estado do Rio de Janeiro;especial;862º;2020.06196-6;Ativo;Alimentícia;2022;183089.25;371185.84;;;;;;;;2025-11-26 11:45:24.916659
Estado do Rio de Janeiro;1;Estado do Rio de Janeiro;especial;863º;2020.06223-7;Suspensão Administrativa;Alimentícia;2022;25103.96;71003.68;;;;;;;;2025-11-26 11:45:28.507659
Estado do Rio de Janeiro;1;Estado do Rio de Janeiro;especial;864º;2020.06192-3;Ativo;Alimentícia;2022;25103.96;71003.68;;;;;;;;2025-11-26 11:45:28.539493
Estado do Rio de Janeiro;1;Estado do Rio de Janeiro;especial;865º;2020.06186-9;Ativo;Alimentícia;2022;25103.96;71003.68;;;;;;;;2025-11-26 11:45:28.571912
Estado do Rio de Janeiro;1;RIO-PREVIDÊNCIA (03.066.219/0001-81);especial;866º;2020.06222-9;Ativo;Alimentícia;2022;74155.85;147311.75;;;;;;;;2025-11-26 11:45:28.604622
Estado do Rio de Janeiro;1;RIO-PREVIDÊNCIA (03.066.219/0001-81);especial;867º;2020.06221-0;Ativo;Alimentícia;2022;70769.39;98056.00;;;;;;;;2025-11-26 11:45:28.639142
Estado do Rio de Janeiro;1;RIO-PREVIDÊNCIA (03.066.219/0001-81);especial;868º;2020.06214-8;Ativo;Alimentícia;2022;30329.73;111861.69;;;;;;;;2025-11-26 11:45:28.668752
Estado do Rio de Janeiro;1;PRODERJ;especial;869º;2020.06229-6;Ativo;Alimentícia;2022;174901.56;312332.04;;;;;;;;2025-11-26 11:45:28.700066
Estado do Rio de Janeiro;1;Estado do Rio de Janeiro;especial;870º;2020.06238-5;Ativo;Alimentícia;2022;6225.43;11773.29;;;;;;;;2025-11-26 11:45:28.731149
Estado do Rio de Janeiro;1;Estado do Rio de Janeiro;especial;871º;2020.06230-0;Ativo;Alimentícia;2022;56220.00;108495.87;;;;;;;;2025-11-26 11:45:28.764314
Estado do Rio de Janeiro;1;Estado do Rio de Janeiro;especial;872º;2020.06279-2;Suspensão Administrativa;Alimentícia;2022;3112.72;5886.66;;;;;;;;2025-11-26 11:45:28.809915
Estado do Rio de Janeiro;1;Estado do Rio de Janeiro;especial;873º;2020.06232-6;Suspensão Administrativa;Alimentícia;2022;3112.72;5886.66;;;;;;;;2025-11-26 11:45:32.383627
Estado do Rio de Janeiro;1;IPERJ;especial;874º;2020.06226-1;Ativo;Alimentícia;2022;119608.67;69845.92;;;;;;;;2025-11-26 11:45:32.414828
Estado do Rio de Janeiro;1;IPERJ;especial;875º;2020.06281-4;Suspensão Administrativa;Alimentícia;2022;51260.84;99771.63;;;;;;;;2025-11-26 11:45:32.443736
Estado do Rio de Janeiro;1;RIO-PREVIDÊNCIA (03.066.219/0001-81);especial;876º;2020.06273-3;Ativo;Alimentícia;2022;138026.13;335759.10;;;;;;;;2025-11-26 11:45:32.473215
Estado do Rio de Janeiro;1;RIO-PREVIDÊNCIA (03.066.219/0001-81);especial;877º;2020.06263-6;Ativo;Alimentícia;2022;138246.19;334358.62;;;;;;;;2025-11-26 11:45:32.502982
Estado do Rio de Janeiro;1;Estado do Rio de Janeiro;especial;878º;2020.06266-0;Suspensão Administrativa;Alimentícia;2022;53546.35;122225.49;;;;;;;;2025-11-26 11:45:32.532523
Estado do Rio de Janeiro;1;PRODERJ;especial;879º;2020.06270-9;Suspensão Administrativa;Alimentícia;2022;225546.65;282687.02;;;;;;;;2025-11-26 11:45:32.563949
Estado do Rio de Janeiro;1;PRODERJ;especial;880º;2020.06268-7;Suspensão Administrativa;Alimentícia;2022;75182.21;148387.37;;;;;;;;2025-11-26 11:45:32.603148
Estado do Rio de Janeiro;1;RIO-PREVIDÊNCIA (03.066.219/0001-81);especial;881º;2020.06274-1;Ativo;Alimentícia;2022;162536.83;202551.16;;;;;;;;2025-11-26 11:45:32.634480
Estado do Rio de Janeiro;1;RIO-PREVIDÊNCIA (03.066.219/0001-81);especial;882º;2020.06235-0;Ativo;Alimentícia;2022;42255.52;82159.50;;;;;;;;2025-11-26 11:45:32.666053
Estado do Rio de Janeiro;1;Estado do Rio de Janeiro;especial;883º;2020.06231-8;Ativo;Alimentícia;2022;248386.49;470094.58;;;;;;;;2025-11-26 11:45:36.239248
Estado do Rio de Janeiro;1;Estado do Rio de Janeiro;especial;884º;2020.06280-6;Ativo;Alimentícia;2022;153347.49;112272.07;;;;;;;;2025-11-26 11:45:36.273656
Estado do Rio de Janeiro;1;Estado do Rio de Janeiro;especial;885º;2020.06265-2;Ativo;Alimentícia;2022;153347.49;112272.07;;;;;;;;2025-11-26 11:45:36.306958
Estado do Rio de Janeiro;1;Estado do Rio de Janeiro;especial;886º;2020.06228-8;Ativo;Alimentícia;2022;153347.49;112272.07;;;;;;;;2025-11-26 11:45:36.335946
Estado do Rio de Janeiro;1;RIO-PREVIDÊNCIA (03.066.219/0001-81);especial;887º;2020.06284-9;Ativo;Alimentícia;2022;251236.27;250367.72;;;;;;;;2025-11-26 11:45:36.364890
Estado do Rio de Janeiro;1;RIO-PREVIDÊNCIA (03.066.219/0001-81);especial;888º;2020.06272-5;Ativo;Alimentícia;2022;753267.27;930991.60;;;;;;;;2025-11-26 11:45:36.393710
Estado do Rio de Janeiro;1;RIO-PREVIDÊNCIA (03.066.219/0001-81);especial;889º;2020.06275-0;Ativo;Alimentícia;2022;251236.27;105073.34;;;;;;;;2025-11-26 11:45:36.423293
Estado do Rio de Janeiro;1;RIO-PREVIDÊNCIA (03.066.219/0001-81);especial;890º;2020.06295-4;Ativo;Alimentícia;2022;75348.80;326961.43;;;;;;;;2025-11-26 11:45:36.453611
Estado do Rio de Janeiro;1;RIO-PREVIDÊNCIA (03.066.219/0001-81);especial;891º;2020.06297-0;Ativo;Alimentícia;2022;251236.27;413323.95;;;;;;;;2025-11-26 11:45:36.483094
Estado do Rio de Janeiro;1;RIO-PREVIDÊNCIA (03.066.219/0001-81);especial;892º;2020.06277-6;Ativo;Alimentícia;2022;75348.80;326961.43;;;;;;;;2025-11-26 11:45:36.518879
Estado do Rio de Janeiro;1;Estado do Rio de Janeiro;especial;893º;2020.06296-2;Ativo;Alimentícia;2022;463609.97;653967.58;;;;;;;;2025-11-26 11:45:40.095988
Estado do Rio de Janeiro;1;Estado do Rio de Janeiro;especial;894º;2020.06291-1;Ativo;Alimentícia;2022;447099.97;614160.91;;;;;;;;2025-11-26 11:45:40.130672
Estado do Rio de Janeiro;1;Estado do Rio de Janeiro;especial;895º;2020.06278-4;Suspensão Determinação Judicial;Alimentícia;2022;46177.45;79651.97;;;;;;;;2025-11-26 11:45:40.161688
Estado do Rio de Janeiro;1;Estado do Rio de Janeiro;especial;896º;2020.06292-0;Ativo;Alimentícia;2022;107747.38;185939.03;;;;;;;;2025-11-26 11:45:40.195938
Estado do Rio de Janeiro;1;Estado do Rio de Janeiro;especial;897º;2020.06271-7;Ativo;Alimentícia;2022;57505.29;103209.98;;;;;;;;2025-11-26 11:45:40.225166
Estado do Rio de Janeiro;1;Estado do Rio de Janeiro;especial;898º;2020.06294-6;Ativo;Alimentícia;2022;57505.29;103209.98;;;;;;;;2025-11-26 11:45:40.257487
Estado do Rio de Janeiro;1;RIO-PREVIDÊNCIA (03.066.219/0001-81);especial;899º;2020.06276-8;Ativo;Alimentícia;2022;206288.60;303216.15;;;;;;;;2025-11-26 11:45:40.286280
Estado do Rio de Janeiro;1;RIO-PREVIDÊNCIA (03.066.219/0001-81);especial;900º;2020.06303-9;Ativo;Alimentícia;2022;188865.49;146936.99;;;;;;;;2025-11-26 11:45:40.316406
Estado do Rio de Janeiro;1;RIO-PREVIDÊNCIA (03.066.219/0001-81);especial;901º;2020.06293-8;Suspensão Administrativa;Alimentícia;2022;660023.07;1095135.82;;;;;;;;2025-11-26 11:45:40.351058
Estado do Rio de Janeiro;1;Estado do Rio de Janeiro;especial;902º;2020.06269-5;Ativo;Alimentícia;2022;56481.70;990.20;;;;;;;;2025-11-26 11:45:40.385100
Estado do Rio de Janeiro;1;FUNDERJ-FUNDAÇÃO DEPARTAMENTO DE ESTRADAS DE RODAGEM-DER RJ;especial;903º;2020.06307-1;Ativo;Alimentícia;2022;90018.14;147769.28;;;;;;;;2025-11-26 11:45:43.948511
Estado do Rio de Janeiro;1;Estado do Rio de Janeiro;especial;904º;2020.06285-7;Ativo;Alimentícia;2022;539422.97;1155464.78;;;;;;;;2025-11-26 11:45:43.978576
Estado do Rio de Janeiro;1;RIO-PREVIDÊNCIA (03.066.219/0001-81);especial;905º;2020.06310-1;Ativo;Alimentícia;2022;230346.45;777872.78;;;;;;;;2025-11-26 11:45:44.006877
Estado do Rio de Janeiro;1;Estado do Rio de Janeiro;especial;906º;2020.06308-0;Ativo;Alimentícia;2022;7243.07;12015.87;;;;;;;;2025-11-26 11:45:44.037491
Estado do Rio de Janeiro;1;Estado do Rio de Janeiro;especial;907º;2020.06306-3;Ativo;Alimentícia;2022;7243.07;12015.87;;;;;;;;2025-11-26 11:45:44.067206
Estado do Rio de Janeiro;1;RIO-PREVIDÊNCIA (03.066.219/0001-81);especial;908º;2020.06320-9;Suspensão Administrativa;Alimentícia;2022;43688.74;89885.78;;;;;;;;2025-11-26 11:45:44.097499
Estado do Rio de Janeiro;1;Estado do Rio de Janeiro;especial;909º;2020.06362-4;Ativo;Alimentícia;2022;342436.31;614024.82;;;;;;;;2025-11-26 11:45:44.134974
Estado do Rio de Janeiro;1;Estado do Rio de Janeiro;especial;910º;2020.06365-9;Ativo;Alimentícia;2022;117276.34;39208.58;;;;;;;;2025-11-26 11:45:44.165182
Estado do Rio de Janeiro;1;FUNDERJ-FUNDAÇÃO DEPARTAMENTO DE ESTRADAS DE RODAGEM-DER RJ;especial;911º;2020.06323-3;Ativo;Alimentícia;2022;258158.05;302672.48;;;;;;;;2025-11-26 11:45:44.194248
Estado do Rio de Janeiro;1;Estado do Rio de Janeiro;especial;912º;2020.06321-7;Ativo;Alimentícia;2022;134855.74;329604.85;;;;;;;;2025-11-26 11:45:44.224059
Estado do Rio de Janeiro;1;Estado do Rio de Janeiro;especial;913º;2020.06745-0;Ativo;Alimentícia;2022;172696.20;423600.30;;;;;;;;2025-11-26 11:45:47.795797
Estado do Rio de Janeiro;1;Estado do Rio de Janeiro;especial;914º;2020.06358-6;Ativo;Alimentícia;2022;690784.78;1531446.54;;;;;;;;2025-11-26 11:45:47.838777
Estado do Rio de Janeiro;1;Estado do Rio de Janeiro;especial;915º;2020.06334-9;Ativo;Alimentícia;2022;153775.97;376602.58;;;;;;;;2025-11-26 11:45:47.880150
Estado do Rio de Janeiro;1;Estado do Rio de Janeiro;especial;916º;2020.06470-1;Ativo;Alimentícia;2022;95899.01;198709.30;;;;;;;;2025-11-26 11:45:47.935921
Estado do Rio de Janeiro;1;RIO-PREVIDÊNCIA (03.066.219/0001-81);especial;917º;2020.06444-2;Ativo;Alimentícia;2022;136110.26;82322.54;;;;;;;;2025-11-26 11:45:48.019758
Estado do Rio de Janeiro;1;FUNDERJ-FUNDAÇÃO DEPARTAMENTO DE ESTRADAS DE RODAGEM-DER RJ;especial;918º;2020.06441-8;Suspensão Administrativa;Alimentícia;2022;136877.10;61410.55;;;;;;;;2025-11-26 11:45:48.066499
Estado do Rio de Janeiro;1;RIO-PREVIDÊNCIA (03.066.219/0001-81);especial;919º;2020.06442-6;Ativo;Alimentícia;2022;2219787.89;5227153.24;;;;;;;;2025-11-26 11:45:48.134828
Estado do Rio de Janeiro;1;CENTRAL - CIA. ESTADUAL DE TRANSPORTES E LOGÍSTICA;especial;920º;2020.06352-7;Ativo;Alimentícia;2022;210069.78;363800.90;;;;;;;;2025-11-26 11:45:48.168648
Estado do Rio de Janeiro;1;RIO-PREVIDÊNCIA (03.066.219/0001-81);especial;921º;2020.06347-0;Ativo;Alimentícia;2022;89604.03;234264.01;;;;;;;;2025-11-26 11:45:48.199176
Estado do Rio de Janeiro;1;RIO-PREVIDÊNCIA (03.066.219/0001-81);especial;922º;2020.06350-0;Suspensão Administrativa;Alimentícia;2022;57191.72;139557.11;;;;;;;;2025-11-26 11:45:48.230260
Estado do Rio de Janeiro;1;Estado do Rio de Janeiro;especial;923º;2020.06351-9;Ativo;Alimentícia;2022;12531.33;21700.53;;;;;;;;2025-11-26 11:45:51.806646
Estado do Rio de Janeiro;1;Estado do Rio de Janeiro;especial;924º;2020.06355-1;Ativo;Alimentícia;2022;12531.33;21700.53;;;;;;;;2025-11-26 11:45:51.853196
Estado do Rio de Janeiro;1;RIO-PREVIDÊNCIA (03.066.219/0001-81);especial;925º;2020.06353-5;Ativo;Alimentícia;2022;381343.99;706374.48;;;;;;;;2025-11-26 11:45:51.891478
Estado do Rio de Janeiro;1;Estado do Rio de Janeiro;especial;926º;2020.06367-5;Ativo;Alimentícia;2022;25805.85;51890.27;;;;;;;;2025-11-26 11:45:51.926296
Estado do Rio de Janeiro;1;Estado do Rio de Janeiro;especial;927º;2020.06375-6;Ativo;Alimentícia;2022;37890.90;62345.89;;;;;;;;2025-11-26 11:45:51.959241
Estado do Rio de Janeiro;1;PRODERJ;especial;928º;2020.06344-6;Ativo;Alimentícia;2022;490309.13;832241.19;;;;;;;;2025-11-26 11:45:51.993985
Estado do Rio de Janeiro;1;Estado do Rio de Janeiro;especial;929º;2020.06340-3;Suspensão Administrativa;Alimentícia;2022;37890.90;62345.89;;;;;;;;2025-11-26 11:45:52.027770
Estado do Rio de Janeiro;1;Estado do Rio de Janeiro;especial;930º;2020.06378-0;Ativo;Alimentícia;2022;133264.23;221816.01;;;;;;;;2025-11-26 11:45:52.061668
Estado do Rio de Janeiro;1;Estado do Rio de Janeiro;especial;931º;2020.06337-3;Ativo;Alimentícia;2022;151160.09;91790.92;;;;;;;;2025-11-26 11:45:52.095489
Estado do Rio de Janeiro;1;RIO-PREVIDÊNCIA (03.066.219/0001-81);especial;932º;2020.06384-5;Suspensão Determinação Judicial;Alimentícia;2022;315243.47;602651.19;;;;;;;;2025-11-26 11:45:52.138015
Estado do Rio de Janeiro;1;Estado do Rio de Janeiro;especial;933º;2020.06377-2;Suspensão Administrativa;Alimentícia;2022;803518.16;1231535.82;;;;;;;;2025-11-26 11:45:55.715465
Estado do Rio de Janeiro;1;Estado do Rio de Janeiro;especial;934º;2020.06376-4;Ativo;Alimentícia;2022;382645.96;1237548.60;;;;;;;;2025-11-26 11:45:55.747222
Estado do Rio de Janeiro;1;Estado do Rio de Janeiro;especial;935º;2020.06379-9;Ativo;Alimentícia;2022;382645.96;1237548.60;;;;;;;;2025-11-26 11:45:55.776794
Estado do Rio de Janeiro;1;Estado do Rio de Janeiro;especial;936º;2020.06380-2;Ativo;Alimentícia;2022;382645.96;1400503.20;;;;;;;;2025-11-26 11:45:55.807508
Estado do Rio de Janeiro;1;Estado do Rio de Janeiro;especial;937º;2020.06339-0;Ativo;Alimentícia;2022;382645.96;1237548.60;;;;;;;;2025-11-26 11:45:55.838184
Estado do Rio de Janeiro;1;Estado do Rio de Janeiro;especial;938º;2020.06371-3;Ativo;Alimentícia;2022;44198.92;72458.26;;;;;;;;2025-11-26 11:45:55.870441
Estado do Rio de Janeiro;1;Estado do Rio de Janeiro;especial;939º;2020.06341-1;Ativo;Alimentícia;2022;77860.44;133811.67;;;;;;;;2025-11-26 11:45:55.901549
Estado do Rio de Janeiro;1;Estado do Rio de Janeiro;especial;940º;2020.06370-5;Ativo;Alimentícia;2022;65916.23;113289.48;;;;;;;;2025-11-26 11:45:55.940715
Estado do Rio de Janeiro;1;Estado do Rio de Janeiro;especial;941º;2020.06372-1;Ativo;Alimentícia;2022;107477.15;184817.25;;;;;;;;2025-11-26 11:45:55.972252
Estado do Rio de Janeiro;1;RIO-PREVIDÊNCIA (03.066.219/0001-81);especial;942º;2020.06397-7;Ativo;Alimentícia;2022;103384.70;27500.74;;;;;;;;2025-11-26 11:45:56.007493
Estado do Rio de Janeiro;1;RIO-PREVIDÊNCIA (03.066.219/0001-81);especial;943º;2020.06400-0;Ativo;Alimentícia;2022;121757.79;214468.52;;;;;;;;2025-11-26 11:45:59.698090
Estado do Rio de Janeiro;1;RIO-PREVIDÊNCIA (03.066.219/0001-81);especial;944º;2020.06408-6;Ativo;Alimentícia;2022;121783.00;214512.89;;;;;;;;2025-11-26 11:45:59.744525
Estado do Rio de Janeiro;1;RIO-PREVIDÊNCIA (03.066.219/0001-81);especial;945º;2020.06396-9;Ativo;Alimentícia;2022;43907.43;15669.52;;;;;;;;2025-11-26 11:45:59.781303
Estado do Rio de Janeiro;1;Estado do Rio de Janeiro;especial;946º;2020.06368-3;Ativo;Alimentícia;2022;5310.02;13626.51;;;;;;;;2025-11-26 11:45:59.816294
Estado do Rio de Janeiro;1;Estado do Rio de Janeiro;especial;947º;2020.06402-7;Suspensão Administrativa;Alimentícia;2022;1067059.38;2912299.58;;;;;;;;2025-11-26 11:45:59.850756
Estado do Rio de Janeiro;1;RIO-PREVIDÊNCIA (03.066.219/0001-81);especial;948º;2020.06391-8;Suspensão Administrativa;Alimentícia;2022;304826.65;363232.58;;;;;;;;2025-11-26 11:45:59.883943
Estado do Rio de Janeiro;1;RIO-PREVIDÊNCIA (03.066.219/0001-81);especial;949º;2020.06395-0;Suspensão Administrativa;Alimentícia;2022;906095.05;13289000.20;;;;;;;;2025-11-26 11:45:59.916734
Estado do Rio de Janeiro;1;RIO-PREVIDÊNCIA (03.066.219/0001-81);especial;950º;2020.06390-0;Ativo;Alimentícia;2022;161640.26;202434.94;;;;;;;;2025-11-26 11:45:59.950239
Estado do Rio de Janeiro;1;RIO-PREVIDÊNCIA (03.066.219/0001-81);especial;951º;2020.06410-8;Ativo;Alimentícia;2022;153201.85;258995.23;;;;;;;;2025-11-26 11:45:59.994670
Estado do Rio de Janeiro;1;RIO-PREVIDÊNCIA (03.066.219/0001-81);especial;952º;2020.06419-1;Ativo;Alimentícia;2022;357470.98;441367.58;;;;;;;;2025-11-26 11:46:00.037749
Estado do Rio de Janeiro;1;FUNDERJ-FUNDAÇÃO DEPARTAMENTO DE ESTRADAS DE RODAGEM-DER RJ;especial;953º;2020.06420-5;Ativo;Alimentícia;2022;95387.49;1169.50;;;;;;;;2025-11-26 11:46:03.614116
Estado do Rio de Janeiro;1;Estado do Rio de Janeiro;especial;954º;2020.06416-7;Ativo;Alimentícia;2022;65330.17;110904.83;;;;;;;;2025-11-26 11:46:03.652323
Estado do Rio de Janeiro;1;RIO-PREVIDÊNCIA (03.066.219/0001-81);especial;955º;2020.06407-8;Ativo;Alimentícia;2022;762687.97;1340502.63;;;;;;;;2025-11-26 11:46:03.691876
Estado do Rio de Janeiro;1;RIO-PREVIDÊNCIA (03.066.219/0001-81);especial;956º;2020.06412-4;Ativo;Alimentícia;2022;3050751.89;5360241.11;;;;;;;;2025-11-26 11:46:03.731048
Estado do Rio de Janeiro;1;Estado do Rio de Janeiro;especial;957º;2020.06404-3;Ativo;Alimentícia;2022;24472.98;38382.60;;;;;;;;2025-11-26 11:46:03.766682
Estado do Rio de Janeiro;1;Estado do Rio de Janeiro;especial;958º;2020.06453-1;Suspensão Administrativa;Alimentícia;2022;60500.51;200866.57;;;;;;;;2025-11-26 11:46:03.803401
Estado do Rio de Janeiro;1;FUNDERJ-FUNDAÇÃO DEPARTAMENTO DE ESTRADAS DE RODAGEM-DER RJ;especial;959º;2020.06451-5;Ativo;Alimentícia;2022;31182.77;123264.91;;;;;;;;2025-11-26 11:46:03.845305
Estado do Rio de Janeiro;1;FUNDERJ-FUNDAÇÃO DEPARTAMENTO DE ESTRADAS DE RODAGEM-DER RJ;especial;960º;2020.06465-5;Suspensão Administrativa;Alimentícia;2022;42459.66;140698.49;;;;;;;;2025-11-26 11:46:03.884403
Estado do Rio de Janeiro;1;RIO-PREVIDÊNCIA (03.066.219/0001-81);especial;961º;2020.06454-0;Ativo;Alimentícia;2022;694644.11;1013625.44;;;;;;;;2025-11-26 11:46:03.930946
Estado do Rio de Janeiro;1;FUNDERJ-FUNDAÇÃO DEPARTAMENTO DE ESTRADAS DE RODAGEM-DER RJ;especial;962º;2020.06464-7;Ativo;Alimentícia;2022;93701.73;9518.33;;;;;;;;2025-11-26 11:46:04.040813
Estado do Rio de Janeiro;1;RIO-PREVIDÊNCIA (03.066.219/0001-81);especial;963º;2020.06430-2;Ativo;Alimentícia;2022;1614861.29;2691386.86;;;;;;;;2025-11-26 11:46:07.633796
Estado do Rio de Janeiro;1;RIO-PREVIDÊNCIA (03.066.219/0001-81);especial;964º;2020.06422-1;Suspensão Administrativa;Alimentícia;2022;628001.01;1065790.41;;;;;;;;2025-11-26 11:46:07.681750
Estado do Rio de Janeiro;1;RIO-PREVIDÊNCIA (03.066.219/0001-81);especial;965º;2020.06467-1;Ativo;Alimentícia;2022;88602.63;163528.78;;;;;;;;2025-11-26 11:46:07.725866
Estado do Rio de Janeiro;1;RIO-PREVIDÊNCIA (03.066.219/0001-81);especial;966º;2020.06468-0;Ativo;Alimentícia;2022;88602.63;163528.78;;;;;;;;2025-11-26 11:46:07.821916
Estado do Rio de Janeiro;1;Estado do Rio de Janeiro;especial;967º;2020.06457-4;Ativo;Alimentícia;2022;868254.28;1305995.11;;;;;;;;2025-11-26 11:46:07.858914
Estado do Rio de Janeiro;1;Estado do Rio de Janeiro;especial;968º;2020.06425-6;Ativo;Alimentícia;2022;45697.59;75754.79;;;;;;;;2025-11-26 11:46:07.890088
Estado do Rio de Janeiro;1;Estado do Rio de Janeiro;especial;969º;2020.06426-4;Suspensão Administrativa;Alimentícia;2022;45697.59;75754.79;;;;;;;;2025-11-26 11:46:07.924552
Estado do Rio de Janeiro;1;RIO-PREVIDÊNCIA (03.066.219/0001-81);especial;970º;2020.06424-8;Ativo;Alimentícia;2022;29339.65;49224.17;;;;;;;;2025-11-26 11:46:07.957936
Estado do Rio de Janeiro;1;RIO-PREVIDÊNCIA (03.066.219/0001-81);especial;971º;2020.06432-9;Ativo;Alimentícia;2022;31809.26;53438.39;;;;;;;;2025-11-26 11:46:07.993802
Estado do Rio de Janeiro;1;RIO-PREVIDÊNCIA (03.066.219/0001-81);especial;972º;2020.06466-3;Ativo;Alimentícia;2022;22746.43;38269.68;;;;;;;;2025-11-26 11:46:08.032198
Estado do Rio de Janeiro;1;Estado do Rio de Janeiro;especial;973º;2020.06423-0;Ativo;Alimentícia;2022;303844.75;339158.25;;;;;;;;2025-11-26 11:46:11.605939
Estado do Rio de Janeiro;1;Estado do Rio de Janeiro;especial;974º;2020.06431-0;Ativo;Alimentícia;2022;1018046.94;1542617.52;;;;;;;;2025-11-26 11:46:11.666257
Estado do Rio de Janeiro;1;RIO-PREVIDÊNCIA (03.066.219/0001-81);especial;975º;2020.06415-9;Ativo;Alimentícia;2022;159487.12;261596.90;;;;;;;;2025-11-26 11:46:11.725002
Estado do Rio de Janeiro;1;RIO-PREVIDÊNCIA (03.066.219/0001-81);especial;976º;2020.06434-5;Ativo;Alimentícia;2022;159487.12;261596.88;;;;;;;;2025-11-26 11:46:11.766122
Estado do Rio de Janeiro;1;RIO-PREVIDÊNCIA (03.066.219/0001-81);especial;977º;2020.06484-1;Suspensão Administrativa;Alimentícia;2022;111683.91;65951.38;;;;;;;;2025-11-26 11:46:11.799571
Estado do Rio de Janeiro;1;RIO-PREVIDÊNCIA (03.066.219/0001-81);especial;978º;2020.06473-6;Suspensão Administrativa;Alimentícia;2022;111683.91;74065.46;;;;;;;;2025-11-26 11:46:11.829950
Estado do Rio de Janeiro;1;Estado do Rio de Janeiro;especial;979º;2020.06488-4;Ativo;Alimentícia;2022;77798.99;193745.20;;;;;;;;2025-11-26 11:46:11.861322
Estado do Rio de Janeiro;1;Estado do Rio de Janeiro;especial;980º;2020.06487-6;Ativo;Alimentícia;2022;62195.54;123830.71;;;;;;;;2025-11-26 11:46:11.892767
Estado do Rio de Janeiro;1;Estado do Rio de Janeiro;especial;981º;2020.06504-0;Ativo;Alimentícia;2022;1035.79;1994.13;;;;;;;;2025-11-26 11:46:11.922335
Estado do Rio de Janeiro;1;Estado do Rio de Janeiro;especial;982º;2020.06472-8;Ativo;Alimentícia;2022;77180.17;156989.65;;;;;;;;2025-11-26 11:46:11.951648
Estado do Rio de Janeiro;1;Estado do Rio de Janeiro;especial;983º;2020.06479-5;Suspensão Administrativa;Alimentícia;2022;180087.08;366309.13;;;;;;;;2025-11-26 11:46:15.548066
Estado do Rio de Janeiro;1;RIO-PREVIDÊNCIA (03.066.219/0001-81);especial;984º;2020.06493-0;Ativo;Alimentícia;2022;43424.60;88130.23;;;;;;;;2025-11-26 11:46:15.589975
Estado do Rio de Janeiro;1;Estado do Rio de Janeiro;especial;985º;2020.06478-7;Ativo;Alimentícia;2022;100564.81;176652.53;;;;;;;;2025-11-26 11:46:15.638628
Estado do Rio de Janeiro;1;Estado do Rio de Janeiro;especial;986º;2020.06480-9;Ativo;Alimentícia;2022;411082.35;559378.77;;;;;;;;2025-11-26 11:46:15.677111
Estado do Rio de Janeiro;1;RIO-PREVIDÊNCIA (03.066.219/0001-81);especial;987º;2020.06527-9;Ativo;Alimentícia;2022;179081.57;313650.78;;;;;;;;2025-11-26 11:46:15.717397
Estado do Rio de Janeiro;1;RIO-PREVIDÊNCIA (03.066.219/0001-81);especial;988º;2020.06510-4;Ativo;Alimentícia;2022;111385.11;32129.81;;;;;;;;2025-11-26 11:46:15.749644
Estado do Rio de Janeiro;1;RIO-PREVIDÊNCIA (03.066.219/0001-81);especial;989º;2020.06497-3;Suspensão Administrativa;Alimentícia;2022;1014795.54;1614399.78;;;;;;;;2025-11-26 11:46:15.780048
Estado do Rio de Janeiro;1;Estado do Rio de Janeiro;especial;990º;2020.06525-2;Suspensão Administrativa;Alimentícia;2022;213272.17;571077.91;;;;;;;;2025-11-26 11:46:15.812126
Estado do Rio de Janeiro;1;RIO-PREVIDÊNCIA (03.066.219/0001-81);especial;991º;2020.06521-0;Ativo;Alimentícia;2022;87070.39;150659.28;;;;;;;;2025-11-26 11:46:15.843401
Estado do Rio de Janeiro;1;Estado do Rio de Janeiro;especial;992º;2020.06506-6;Ativo;Alimentícia;2022;15918.89;27561.03;;;;;;;;2025-11-26 11:46:15.874792
Estado do Rio de Janeiro;1;RIO-PREVIDÊNCIA (03.066.219/0001-81);especial;993º;2020.06508-2;Ativo;Alimentícia;2022;58838.46;179809.26;;;;;;;;2025-11-26 11:46:19.470436
Estado do Rio de Janeiro;1;Estado do Rio de Janeiro;especial;994º;2020.06514-7;Ativo;Alimentícia;2022;16133.10;28627.11;;;;;;;;2025-11-26 11:46:19.506165
Estado do Rio de Janeiro;1;Estado do Rio de Janeiro;especial;995º;2020.06515-5;Ativo;Alimentícia;2022;91420.94;162220.39;;;;;;;;2025-11-26 11:46:19.539836
Estado do Rio de Janeiro;1;Estado do Rio de Janeiro;especial;996º;2020.06512-0;Ativo;Alimentícia;2022;91420.94;162220.39;;;;;;;;2025-11-26 11:46:19.582081
Estado do Rio de Janeiro;1;Estado do Rio de Janeiro;especial;997º;2020.06522-8;Ativo;Alimentícia;2022;16133.10;28627.11;;;;;;;;2025-11-26 11:46:19.615251
Estado do Rio de Janeiro;1;RIO-PREVIDÊNCIA (03.066.219/0001-81);especial;998º;2020.06531-7;Ativo;Alimentícia;2022;134273.64;234111.62;;;;;;;;2025-11-26 11:46:19.650646
Estado do Rio de Janeiro;1;RIO-PREVIDÊNCIA (03.066.219/0001-81);especial;999º;2020.06524-4;Ativo;Alimentícia;2022;246009.68;403255.79;;;;;;;;2025-11-26 11:46:19.679975
Estado do Rio de Janeiro;1;RIO-PREVIDÊNCIA (03.066.219/0001-81);especial;1000º;2020.06517-1;Ativo;Alimentícia;2022;280661.22;318618.46;;;;;;;;2025-11-26 11:46:19.710300
Estado do Rio de Janeiro;1;RIO-PREVIDÊNCIA (03.066.219/0001-81);especial;1001º;2020.06520-1;Ativo;Alimentícia;2022;26732.20;46413.98;;;;;;;;2025-11-26 11:46:19.738872
Estado do Rio de Janeiro;1;RIO-PREVIDÊNCIA (03.066.219/0001-81);especial;1002º;2020.06516-3;Ativo;Alimentícia;2022;70394.96;1514.11;;;;;;;;2025-11-26 11:46:19.774547
