entidade_grupo,id_entidade_grupo,entidade_devedora,regime,ordem,numero_precatorio,situacao,natureza,orcamento,valor_historico,saldo_atualizado,classe,localizacao,peticoes_a_juntar,ultima_fase,possui_herdeiros,possui_cessao,possui_retificador,timestamp_extracao
MUNICÍPIO DO RIO DE JANEIRO,1,Estado do Rio de Janeiro,especial,932º,2020.06377-2,Suspensão Administrativa,Alimentícia,2022,803518.16,1231535.82,,,,,,,,2025-12-01 17:52:30.824504
MUNICÍPIO DO RIO DE JANEIRO,1,Estado do Rio de Janeiro,especial,933º,2020.06376-4,Ativo,Alimentícia,2022,382645.96,1237548.60,,,,,,,,2025-12-01 17:52:30.868364
MUNICÍPIO DO RIO DE JANEIRO,1,Estado do Rio de Janeiro,especial,934º,2020.06379-9,Ativo,Alimentícia,2022,382645.96,1237548.60,,,,,,,,2025-12-01 17:52:30.911180
MUNICÍPIO DO RIO DE JANEIRO,1,Estado do Rio de Janeiro,especial,935º,2020.06380-2,Ativo,Alimentícia,2022,382645.96,1400503.20,,,,,,,,2025-12-01 17:52:30.950824
MUNICÍPIO DO RIO DE JANEIRO,1,Estado do Rio de Janeiro,especial,936º,2020.06339-0,Ativo,Alimentícia,2022,382645.96,1237548.60,,,,,,,,2025-12-01 17:52:30.995388
MUNICÍPIO DO RIO DE JANEIRO,1,Estado do Rio de Janeiro,especial,937º,2020.06371-3,Ativo,Alimentícia,2022,44198.92,72458.26,,,,,,,,2025-12-01 17:52:31.028534
MUNICÍPIO DO RIO DE JANEIRO,1,Estado do Rio de Janeiro,especial,938º,2020.06341-1,Ativo,Alimentícia,2022,77860.44,133811.67,,,,,,,,2025-12-01 17:52:31.066752
MUNICÍPIO DO RIO DE JANEIRO,1,Estado do Rio de Janeiro,especial,939º,2020.06370-5,Ativo,Alimentícia,2022,65916.23,113289.48,,,,,,,,2025-12-01 17:52:31.101402
MUNICÍPIO DO RIO DE JANEIRO,1,Estado do Rio de Janeiro,especial,940º,2020.06372-1,Ativo,Alimentícia,2022,107477.15,184817.25,,,,,,,,2025-12-01 17:52:31.136688
MUNICÍPIO DO RIO DE JANEIRO,1,RIO-PREVIDÊNCIA (03.066.219/0001-81),especial,941º,2020.06397-7,Ativo,Alimentícia,2022,103384.70,27500.74,,,,,,,,2025-12-01 17:52:31.170969
MUNICÍPIO DO RIO DE JANEIRO,1,RIO-PREVIDÊNCIA (03.066.219/0001-81),especial,942º,2020.06400-0,Ativo,Alimentícia,2022,121757.79,214468.52,,,,,,,,2025-12-01 17:52:35.762524
MUNICÍPIO DO RIO DE JANEIRO,1,RIO-PREVIDÊNCIA (03.066.219/0001-81),especial,943º,2020.06408-6,Ativo,Alimentícia,2022,121783.00,214512.89,,,,,,,,2025-12-01 17:52:35.797408
MUNICÍPIO DO RIO DE JANEIRO,1,RIO-PREVIDÊNCIA (03.066.219/0001-81),especial,944º,2020.06396-9,Ativo,Alimentícia,2022,43907.43,15669.52,,,,,,,,2025-12-01 17:52:35.839753
MUNICÍPIO DO RIO DE JANEIRO,1,Estado do Rio de Janeiro,especial,945º,2020.06368-3,Ativo,Alimentícia,2022,5310.02,13626.51,,,,,,,,2025-12-01 17:52:35.872706
MUNICÍPIO DO RIO DE JANEIRO,1,Estado do Rio de Janeiro,especial,946º,2020.06402-7,Suspensão Administrativa,Alimentícia,2022,1067059.38,2912299.58,,,,,,,,2025-12-01 17:52:35.902992
MUNICÍPIO DO RIO DE JANEIRO,1,RIO-PREVIDÊNCIA (03.066.219/0001-81),especial,947º,2020.06391-8,Suspensão Administrativa,Alimentícia,2022,304826.65,363232.58,,,,,,,,2025-12-01 17:52:35.932114
MUNICÍPIO DO RIO DE JANEIRO,1,RIO-PREVIDÊNCIA (03.066.219/0001-81),especial,948º,2020.06395-0,Suspensão Administrativa,Alimentícia,2022,906095.05,13289000.20,,,,,,,,2025-12-01 17:52:35.959907
MUNICÍPIO DO RIO DE JANEIRO,1,RIO-PREVIDÊNCIA (03.066.219/0001-81),especial,949º,2020.06390-0,Ativo,Alimentícia,2022,161640.26,202434.94,,,,,,,,2025-12-01 17:52:36.003435
MUNICÍPIO DO RIO DE JANEIRO,1,RIO-PREVIDÊNCIA (03.066.219/0001-81),especial,950º,2020.06410-8,Ativo,Alimentícia,2022,153201.85,258995.23,,,,,,,,2025-12-01 17:52:36.037790
MUNICÍPIO DO RIO DE JANEIRO,1,RIO-PREVIDÊNCIA (03.066.219/0001-81),especial,951º,2020.06419-1,Ativo,Alimentícia,2022,357470.98,441367.58,,,,,,,,2025-12-01 17:52:36.071145
MUNICÍPIO DO RIO DE JANEIRO,1,FUNDERJ-FUNDAÇÃO DEPARTAMENTO DE ESTRADAS DE RODAGEM-DER RJ,especial,952º,2020.06420-5,Ativo,Alimentícia,2022,95387.49,1169.50,,,,,,,,2025-12-01 17:52:40.677423
MUNICÍPIO DO RIO DE JANEIRO,1,Estado do Rio de Janeiro,especial,953º,2020.06416-7,Ativo,Alimentícia,2022,65330.17,110904.83,,,,,,,,2025-12-01 17:52:40.749206
MUNICÍPIO DO RIO DE JANEIRO,1,RIO-PREVIDÊNCIA (03.066.219/0001-81),especial,954º,2020.06407-8,Ativo,Alimentícia,2022,762687.97,1340502.63,,,,,,,,2025-12-01 17:52:40.822595
MUNICÍPIO DO RIO DE JANEIRO,1,RIO-PREVIDÊNCIA (03.066.219/0001-81),especial,955º,2020.06412-4,Ativo,Alimentícia,2022,3050751.89,5360241.11,,,,,,,,2025-12-01 17:52:40.888853
MUNICÍPIO DO RIO DE JANEIRO,1,Estado do Rio de Janeiro,especial,956º,2020.06404-3,Ativo,Alimentícia,2022,24472.98,38382.60,,,,,,,,2025-12-01 17:52:40.959487
MUNICÍPIO DO RIO DE JANEIRO,1,Estado do Rio de Janeiro,especial,957º,2020.06453-1,Suspensão Administrativa,Alimentícia,2022,60500.51,200866.57,,,,,,,,2025-12-01 17:52:41.029217
MUNICÍPIO DO RIO DE JANEIRO,1,FUNDERJ-FUNDAÇÃO DEPARTAMENTO DE ESTRADAS DE RODAGEM-DER RJ,especial,958º,2020.06451-5,Ativo,Alimentícia,2022,31182.77,123264.91,,,,,,,,2025-12-01 17:52:41.105192
MUNICÍPIO DO RIO DE JANEIRO,1,FUNDERJ-FUNDAÇÃO DEPARTAMENTO DE ESTRADAS DE RODAGEM-DER RJ,especial,959º,2020.06465-5,Suspensão Administrativa,Alimentícia,2022,42459.66,140698.49,,,,,,,,2025-12-01 17:52:41.205241
MUNICÍPIO DO RIO DE JANEIRO,1,RIO-PREVIDÊNCIA (03.066.219/0001-81),especial,960º,2020.06454-0,Ativo,Alimentícia,2022,694644.11,1013625.44,,,,,,,,2025-12-01 17:52:41.294966
MUNICÍPIO DO RIO DE JANEIRO,1,FUNDERJ-FUNDAÇÃO DEPARTAMENTO DE ESTRADAS DE RODAGEM-DER RJ,especial,961º,2020.06464-7,Ativo,Alimentícia,2022,93701.73,9518.33,,,,,,,,2025-12-01 17:52:41.374945
MUNICÍPIO DO RIO DE JANEIRO,1,RIO-PREVIDÊNCIA (03.066.219/0001-81),especial,962º,2020.06430-2,Ativo,Alimentícia,2022,1614861.29,2691386.86,,,,,,,,2025-12-01 17:52:45.985839
MUNICÍPIO DO RIO DE JANEIRO,1,RIO-PREVIDÊNCIA (03.066.219/0001-81),especial,963º,2020.06422-1,Suspensão Administrativa,Alimentícia,2022,628001.01,1065790.41,,,,,,,,2025-12-01 17:52:46.018131
MUNICÍPIO DO RIO DE JANEIRO,1,RIO-PREVIDÊNCIA (03.066.219/0001-81),especial,964º,2020.06467-1,Ativo,Alimentícia,2022,88602.63,163528.78,,,,,,,,2025-12-01 17:52:46.048382
MUNICÍPIO DO RIO DE JANEIRO,1,RIO-PREVIDÊNCIA (03.066.219/0001-81),especial,965º,2020.06468-0,Ativo,Alimentícia,2022,88602.63,163528.78,,,,,,,,2025-12-01 17:52:46.076648
MUNICÍPIO DO RIO DE JANEIRO,1,Estado do Rio de Janeiro,especial,966º,2020.06457-4,Ativo,Alimentícia,2022,868254.28,1305995.11,,,,,,,,2025-12-01 17:52:46.112168
MUNICÍPIO DO RIO DE JANEIRO,1,Estado do Rio de Janeiro,especial,967º,2020.06425-6,Ativo,Alimentícia,2022,45697.59,75754.79,,,,,,,,2025-12-01 17:52:46.148384
MUNICÍPIO DO RIO DE JANEIRO,1,Estado do Rio de Janeiro,especial,968º,2020.06426-4,Suspensão Administrativa,Alimentícia,2022,45697.59,75754.79,,,,,,,,2025-12-01 17:52:46.175481
MUNICÍPIO DO RIO DE JANEIRO,1,RIO-PREVIDÊNCIA (03.066.219/0001-81),especial,969º,2020.06424-8,Ativo,Alimentícia,2022,29339.65,49224.17,,,,,,,,2025-12-01 17:52:46.204511
MUNICÍPIO DO RIO DE JANEIRO,1,RIO-PREVIDÊNCIA (03.066.219/0001-81),especial,970º,2020.06432-9,Ativo,Alimentícia,2022,31809.26,53438.39,,,,,,,,2025-12-01 17:52:46.241188
MUNICÍPIO DO RIO DE JANEIRO,1,RIO-PREVIDÊNCIA (03.066.219/0001-81),especial,971º,2020.06466-3,Ativo,Alimentícia,2022,22746.43,38269.68,,,,,,,,2025-12-01 17:52:46.276891
MUNICÍPIO DO RIO DE JANEIRO,1,Estado do Rio de Janeiro,especial,972º,2020.06423-0,Ativo,Alimentícia,2022,303844.75,339158.25,,,,,,,,2025-12-01 17:52:50.843634
MUNICÍPIO DO RIO DE JANEIRO,1,Estado do Rio de Janeiro,especial,973º,2020.06431-0,Ativo,Alimentícia,2022,1018046.94,1542617.52,,,,,,,,2025-12-01 17:52:50.870558
MUNICÍPIO DO RIO DE JANEIRO,1,RIO-PREVIDÊNCIA (03.066.219/0001-81),especial,974º,2020.06415-9,Ativo,Alimentícia,2022,159487.12,261596.90,,,,,,,,2025-12-01 17:52:50.900240
MUNICÍPIO DO RIO DE JANEIRO,1,RIO-PREVIDÊNCIA (03.066.219/0001-81),especial,975º,2020.06434-5,Ativo,Alimentícia,2022,159487.12,261596.88,,,,,,,,2025-12-01 17:52:50.927689
MUNICÍPIO DO RIO DE JANEIRO,1,RIO-PREVIDÊNCIA (03.066.219/0001-81),especial,976º,2020.06484-1,Suspensão Administrativa,Alimentícia,2022,111683.91,65951.38,,,,,,,,2025-12-01 17:52:50.954037
MUNICÍPIO DO RIO DE JANEIRO,1,RIO-PREVIDÊNCIA (03.066.219/0001-81),especial,977º,2020.06473-6,Suspensão Administrativa,Alimentícia,2022,111683.91,74065.46,,,,,,,,2025-12-01 17:52:50.988633
MUNICÍPIO DO RIO DE JANEIRO,1,Estado do Rio de Janeiro,especial,978º,2020.06488-4,Ativo,Alimentícia,2022,77798.99,193745.20,,,,,,,,2025-12-01 17:52:51.016283
MUNICÍPIO DO RIO DE JANEIRO,1,Estado do Rio de Janeiro,especial,979º,2020.06487-6,Ativo,Alimentícia,2022,62195.54,123830.71,,,,,,,,2025-12-01 17:52:51.041953
MUNICÍPIO DO RIO DE JANEIRO,1,Estado do Rio de Janeiro,especial,980º,2020.06504-0,Ativo,Alimentícia,2022,1035.79,1994.13,,,,,,,,2025-12-01 17:52:51.065713
MUNICÍPIO DO RIO DE JANEIRO,1,Estado do Rio de Janeiro,especial,981º,2020.06472-8,Ativo,Alimentícia,2022,77180.17,156989.65,,,,,,,,2025-12-01 17:52:51.090939
MUNICÍPIO DO RIO DE JANEIRO,1,Estado do Rio de Janeiro,especial,982º,2020.06479-5,Suspensão Administrativa,Alimentícia,2022,180087.08,366309.13,,,,,,,,2025-12-01 17:52:55.663196
MUNICÍPIO DO RIO DE JANEIRO,1,RIO-PREVIDÊNCIA (03.066.219/0001-81),especial,983º,2020.06493-0,Ativo,Alimentícia,2022,43424.60,88130.23,,,,,,,,2025-12-01 17:52:55.718142
MUNICÍPIO DO RIO DE JANEIRO,1,Estado do Rio de Janeiro,especial,984º,2020.06478-7,Ativo,Alimentícia,2022,100564.81,176652.53,,,,,,,,2025-12-01 17:52:55.765082
MUNICÍPIO DO RIO DE JANEIRO,1,Estado do Rio de Janeiro,especial,985º,2020.06480-9,Ativo,Alimentícia,2022,411082.35,559378.77,,,,,,,,2025-12-01 17:52:55.801637
MUNICÍPIO DO RIO DE JANEIRO,1,RIO-PREVIDÊNCIA (03.066.219/0001-81),especial,986º,2020.06527-9,Ativo,Alimentícia,2022,179081.57,313650.78,,,,,,,,2025-12-01 17:52:55.837585
MUNICÍPIO DO RIO DE JANEIRO,1,RIO-PREVIDÊNCIA (03.066.219/0001-81),especial,987º,2020.06510-4,Ativo,Alimentícia,2022,111385.11,32129.81,,,,,,,,2025-12-01 17:52:55.864777
MUNICÍPIO DO RIO DE JANEIRO,1,RIO-PREVIDÊNCIA (03.066.219/0001-81),especial,988º,2020.06497-3,Suspensão Administrativa,Alimentícia,2022,1014795.54,1614399.78,,,,,,,,2025-12-01 17:52:55.906013
MUNICÍPIO DO RIO DE JANEIRO,1,Estado do Rio de Janeiro,especial,989º,2020.06525-2,Suspensão Administrativa,Alimentícia,2022,213272.17,571077.91,,,,,,,,2025-12-01 17:52:55.971383
MUNICÍPIO DO RIO DE JANEIRO,1,RIO-PREVIDÊNCIA (03.066.219/0001-81),especial,990º,2020.06521-0,Ativo,Alimentícia,2022,87070.39,150659.28,,,,,,,,2025-12-01 17:52:56.013060
MUNICÍPIO DO RIO DE JANEIRO,1,Estado do Rio de Janeiro,especial,991º,2020.06506-6,Ativo,Alimentícia,2022,15918.89,27561.03,,,,,,,,2025-12-01 17:52:56.050385
MUNICÍPIO DO RIO DE JANEIRO,1,RIO-PREVIDÊNCIA (03.066.219/0001-81),especial,992º,2020.06508-2,Ativo,Alimentícia,2022,58838.46,179809.26,,,,,,,,2025-12-01 17:53:00.629917
MUNICÍPIO DO RIO DE JANEIRO,1,Estado do Rio de Janeiro,especial,993º,2020.06514-7,Ativo,Alimentícia,2022,16133.10,28627.11,,,,,,,,2025-12-01 17:53:00.658369
MUNICÍPIO DO RIO DE JANEIRO,1,Estado do Rio de Janeiro,especial,994º,2020.06515-5,Ativo,Alimentícia,2022,91420.94,162220.39,,,,,,,,2025-12-01 17:53:00.683609
MUNICÍPIO DO RIO DE JANEIRO,1,Estado do Rio de Janeiro,especial,995º,2020.06512-0,Ativo,Alimentícia,2022,91420.94,162220.39,,,,,,,,2025-12-01 17:53:00.711078
MUNICÍPIO DO RIO DE JANEIRO,1,Estado do Rio de Janeiro,especial,996º,2020.06522-8,Ativo,Alimentícia,2022,16133.10,28627.11,,,,,,,,2025-12-01 17:53:00.737308
MUNICÍPIO DO RIO DE JANEIRO,1,RIO-PREVIDÊNCIA (03.066.219/0001-81),especial,997º,2020.06531-7,Ativo,Alimentícia,2022,134273.64,234111.62,,,,,,,,2025-12-01 17:53:00.763303
MUNICÍPIO DO RIO DE JANEIRO,1,RIO-PREVIDÊNCIA (03.066.219/0001-81),especial,998º,2020.06524-4,Ativo,Alimentícia,2022,246009.68,403255.79,,,,,,,,2025-12-01 17:53:00.790029
MUNICÍPIO DO RIO DE JANEIRO,1,RIO-PREVIDÊNCIA (03.066.219/0001-81),especial,999º,2020.06517-1,Ativo,Alimentícia,2022,280661.22,318618.46,,,,,,,,2025-12-01 17:53:00.816068
MUNICÍPIO DO RIO DE JANEIRO,1,RIO-PREVIDÊNCIA (03.066.219/0001-81),especial,1000º,2020.06520-1,Ativo,Alimentícia,2022,26732.20,46413.98,,,,,,,,2025-12-01 17:53:00.845736
MUNICÍPIO DO RIO DE JANEIRO,1,RIO-PREVIDÊNCIA (03.066.219/0001-81),especial,1001º,2020.06516-3,Ativo,Alimentícia,2022,70394.96,1514.11,,,,,,,,2025-12-01 17:53:00.874646
MUNICÍPIO DO RIO DE JANEIRO,1,COMPANHIA DE TRANSPORTES SOBRE TRILHOS DO ESTADO DO RIO DE JANEIRO - RIOTRILHOS,especial,1182º,2020.06754-9,Ativo,Alimentícia,2022,49881.75,115552.66,,,,,,,,2025-12-01 17:53:05.444880
MUNICÍPIO DO RIO DE JANEIRO,1,PRODERJ,especial,1183º,2020.06931-2,Ativo,Alimentícia,2022,998008.87,1479527.44,,,,,,,,2025-12-01 17:53:05.471806
MUNICÍPIO DO RIO DE JANEIRO,1,FUNDERJ-FUNDAÇÃO DEPARTAMENTO DE ESTRADAS DE RODAGEM-DER RJ,especial,1184º,2020.06907-0,Ativo,Alimentícia,2022,76369.20,116741.95,,,,,,,,2025-12-01 17:53:05.496094
MUNICÍPIO DO RIO DE JANEIRO,1,Estado do Rio de Janeiro,especial,1185º,2020.06935-5,Suspensão Administrativa,Alimentícia,2022,49147.08,164266.93,,,,,,,,2025-12-01 17:53:05.523197
MUNICÍPIO DO RIO DE JANEIRO,1,RIO-PREVIDÊNCIA (03.066.219/0001-81),especial,1186º,2020.06894-4,Ativo,Alimentícia,2022,10070.98,19278.77,,,,,,,,2025-12-01 17:53:05.553445
MUNICÍPIO DO RIO DE JANEIRO,1,RIO-PREVIDÊNCIA (03.066.219/0001-81),especial,1187º,2020.06913-4,Ativo,Alimentícia,2022,46997.95,89967.64,,,,,,,,2025-12-01 17:53:05.577879
MUNICÍPIO DO RIO DE JANEIRO,1,RIO-PREVIDÊNCIA (03.066.219/0001-81),especial,1188º,2020.06930-4,Ativo,Alimentícia,2022,10070.98,19278.77,,,,,,,,2025-12-01 17:53:05.607272
MUNICÍPIO DO RIO DE JANEIRO,1,RIO-PREVIDÊNCIA (03.066.219/0001-81),especial,1189º,2020.06891-0,Ativo,Alimentícia,2022,10070.98,19278.77,,,,,,,,2025-12-01 17:53:05.635285
MUNICÍPIO DO RIO DE JANEIRO,1,RIO-PREVIDÊNCIA (03.066.219/0001-81),especial,1190º,2020.06910-0,Ativo,Alimentícia,2022,10070.98,19278.77,,,,,,,,2025-12-01 17:53:05.660296
MUNICÍPIO DO RIO DE JANEIRO,1,Estado do Rio de Janeiro,especial,1191º,2020.06927-4,Ativo,Alimentícia,2022,354884.67,948163.15,,,,,,,,2025-12-01 17:53:05.712985
MUNICÍPIO DO RIO DE JANEIRO,1,Estado do Rio de Janeiro,especial,1192º,2020.07007-8,Suspensão Administrativa,Alimentícia,2022,4750.67,8672.42,,,,,,,,2025-12-01 17:53:10.276077
MUNICÍPIO DO RIO DE JANEIRO,1,Estado do Rio de Janeiro,especial,1193º,2020.06893-6,Ativo,Alimentícia,2022,4750.67,8672.42,,,,,,,,2025-12-01 17:53:10.302023
MUNICÍPIO DO RIO DE JANEIRO,1,Estado do Rio de Janeiro,especial,1194º,2020.06892-8,Ativo,Alimentícia,2022,4750.67,8672.42,,,,,,,,2025-12-01 17:53:10.327098
MUNICÍPIO DO RIO DE JANEIRO,1,Estado do Rio de Janeiro,especial,1195º,2020.07004-3,Suspensão Administrativa,Alimentícia,2022,25019.35,41465.24,,,,,,,,2025-12-01 17:53:10.352946
MUNICÍPIO DO RIO DE JANEIRO,1,Estado do Rio de Janeiro,especial,1196º,2020.06884-7,Ativo,Alimentícia,2022,50583.49,87067.99,,,,,,,,2025-12-01 17:53:10.376520
MUNICÍPIO DO RIO DE JANEIRO,1,Estado do Rio de Janeiro,especial,1197º,2020.06911-8,Ativo,Alimentícia,2022,151750.48,261204.01,,,,,,,,2025-12-01 17:53:10.401201
MUNICÍPIO DO RIO DE JANEIRO,1,Estado do Rio de Janeiro,especial,1198º,2020.06744-1,Ativo,Alimentícia,2022,42606.48,116707.68,,,,,,,,2025-12-01 17:53:10.424832
MUNICÍPIO DO RIO DE JANEIRO,1,PRODERJ,especial,1199º,2020.06906-1,Suspensão Administrativa,Alimentícia,2022,360148.21,490416.13,,,,,,,,2025-12-01 17:53:10.447944
MUNICÍPIO DO RIO DE JANEIRO,1,PRODERJ,especial,1200º,2020.06972-0,Suspensão Administrativa,Alimentícia,2022,99797.38,180558.82,,,,,,,,2025-12-01 17:53:10.471316
MUNICÍPIO DO RIO DE JANEIRO,1,Estado do Rio de Janeiro,especial,1201º,2020.06953-3,Ativo,Alimentícia,2022,505951.48,951369.18,,,,,,,,2025-12-01 17:53:10.498973
MUNICÍPIO DO RIO DE JANEIRO,1,Estado do Rio de Janeiro,especial,1202º,2020.06845-6,Ativo,Alimentícia,2022,75892.72,175980.37,,,,,,,,2025-12-01 17:53:15.072430
MUNICÍPIO DO RIO DE JANEIRO,1,Estado do Rio de Janeiro,especial,1203º,2020.06940-1,Ativo,Alimentícia,2022,73048.09,246279.26,,,,,,,,2025-12-01 17:53:15.097724
MUNICÍPIO DO RIO DE JANEIRO,1,FUNDERJ-FUNDAÇÃO DEPARTAMENTO DE ESTRADAS DE RODAGEM-DER RJ,especial,1204º,2020.06941-0,Ativo,Alimentícia,2022,48896.15,10635.22,,,,,,,,2025-12-01 17:53:15.122625
MUNICÍPIO DO RIO DE JANEIRO,1,FUNDERJ-FUNDAÇÃO DEPARTAMENTO DE ESTRADAS DE RODAGEM-DER RJ,especial,1205º,2020.06968-1,Ativo,Alimentícia,2022,53954.38,11735.41,,,,,,,,2025-12-01 17:53:15.145665
MUNICÍPIO DO RIO DE JANEIRO,1,FUNDERJ-FUNDAÇÃO DEPARTAMENTO DE ESTRADAS DE RODAGEM-DER RJ,especial,1206º,2020.06942-8,Ativo,Alimentícia,2022,59901.43,13028.93,,,,,,,,2025-12-01 17:53:15.170681
MUNICÍPIO DO RIO DE JANEIRO,1,FUNDERJ-FUNDAÇÃO DEPARTAMENTO DE ESTRADAS DE RODAGEM-DER RJ,especial,1207º,2020.06967-3,Ativo,Alimentícia,2022,48896.15,10635.22,,,,,,,,2025-12-01 17:53:15.193104
MUNICÍPIO DO RIO DE JANEIRO,1,FUNDERJ-FUNDAÇÃO DEPARTAMENTO DE ESTRADAS DE RODAGEM-DER RJ,especial,1208º,2020.06905-3,Ativo,Alimentícia,2022,52268.32,103351.67,,,,,,,,2025-12-01 17:53:15.215630
MUNICÍPIO DO RIO DE JANEIRO,1,FUNDERJ-FUNDAÇÃO DEPARTAMENTO DE ESTRADAS DE RODAGEM-DER RJ,especial,1209º,2020.07047-7,Ativo,Alimentícia,2022,17804.93,35206.22,,,,,,,,2025-12-01 17:53:15.239473
MUNICÍPIO DO RIO DE JANEIRO,1,FUNDERJ-FUNDAÇÃO DEPARTAMENTO DE ESTRADAS DE RODAGEM-DER RJ,especial,1210º,2020.06920-7,Ativo,Alimentícia,2022,6420.56,12695.56,,,,,,,,2025-12-01 17:53:15.263831
MUNICÍPIO DO RIO DE JANEIRO,1,FUNDERJ-FUNDAÇÃO DEPARTAMENTO DE ESTRADAS DE RODAGEM-DER RJ,especial,1211º,2020.06925-8,Ativo,Alimentícia,2022,6420.56,12695.56,,,,,,,,2025-12-01 17:53:15.291384
MUNICÍPIO DO RIO DE JANEIRO,1,FUNDERJ-FUNDAÇÃO DEPARTAMENTO DE ESTRADAS DE RODAGEM-DER RJ,especial,1212º,2020.06909-6,Suspensão Administrativa,Alimentícia,2022,48710.80,96317.30,,,,,,,,2025-12-01 17:53:19.875769
MUNICÍPIO DO RIO DE JANEIRO,1,FUNDERJ-FUNDAÇÃO DEPARTAMENTO DE ESTRADAS DE RODAGEM-DER RJ,especial,1213º,2020.07044-2,Ativo,Alimentícia,2022,6420.56,12695.56,,,,,,,,2025-12-01 17:53:19.925618
MUNICÍPIO DO RIO DE JANEIRO,1,FUNDERJ-FUNDAÇÃO DEPARTAMENTO DE ESTRADAS DE RODAGEM-DER RJ,especial,1214º,2020.06921-5,Ativo,Alimentícia,2022,6420.56,12695.56,,,,,,,,2025-12-01 17:53:19.961104
MUNICÍPIO DO RIO DE JANEIRO,1,FUNDERJ-FUNDAÇÃO DEPARTAMENTO DE ESTRADAS DE RODAGEM-DER RJ,especial,1215º,2020.07043-4,Ativo,Alimentícia,2022,6420.56,12695.56,,,,,,,,2025-12-01 17:53:19.997865
MUNICÍPIO DO RIO DE JANEIRO,1,FUNDERJ-FUNDAÇÃO DEPARTAMENTO DE ESTRADAS DE RODAGEM-DER RJ,especial,1216º,2020.06949-5,Ativo,Alimentícia,2022,39116.92,77347.03,,,,,,,,2025-12-01 17:53:20.026076
MUNICÍPIO DO RIO DE JANEIRO,1,FUNDERJ-FUNDAÇÃO DEPARTAMENTO DE ESTRADAS DE RODAGEM-DER RJ,especial,1217º,2020.06926-6,Suspensão Administrativa,Alimentícia,2022,67179.36,132636.38,,,,,,,,2025-12-01 17:53:20.055298
MUNICÍPIO DO RIO DE JANEIRO,1,Estado do Rio de Janeiro,especial,1218º,2020.06975-4,Ativo,Alimentícia,2022,115914.07,513388.70,,,,,,,,2025-12-01 17:53:20.090788
MUNICÍPIO DO RIO DE JANEIRO,1,IPERJ,especial,1219º,2020.06950-9,Ativo,Alimentícia,2022,349947.16,661691.32,,,,,,,,2025-12-01 17:53:20.122263
MUNICÍPIO DO RIO DE JANEIRO,1,RIO-PREVIDÊNCIA (03.066.219/0001-81),especial,1220º,2020.07042-6,Ativo,Alimentícia,2022,12198.15,21835.61,,,,,,,,2025-12-01 17:53:20.151295
MUNICÍPIO DO RIO DE JANEIRO,1,Estado do Rio de Janeiro,especial,1221º,2020.06958-4,Ativo,Alimentícia,2022,170359.01,326568.24,,,,,,,,2025-12-01 17:53:20.179427
MUNICÍPIO DO RIO DE JANEIRO,1,Estado do Rio de Janeiro,especial,1222º,2020.06959-2,Ativo,Alimentícia,2022,63405.01,110329.95,,,,,,,,2025-12-01 17:53:24.767650
MUNICÍPIO DO RIO DE JANEIRO,1,RIO-PREVIDÊNCIA (03.066.219/0001-81),especial,1223º,2020.07035-3,Ativo,Alimentícia,2022,361736.16,1038290.51,,,,,,,,2025-12-01 17:53:24.795921
MUNICÍPIO DO RIO DE JANEIRO,1,IPERJ,especial,1224º,2020.06991-6,Ativo,Alimentícia,2022,39085.57,76769.13,,,,,,,,2025-12-01 17:53:24.823447
MUNICÍPIO DO RIO DE JANEIRO,1,IPERJ,especial,1225º,2020.06932-0,Ativo,Alimentícia,2022,16750.96,32901.05,,,,,,,,2025-12-01 17:53:24.851282
MUNICÍPIO DO RIO DE JANEIRO,1,IASERJ,especial,1226º,2020.06895-2,Suspensão Administrativa,Alimentícia,2022,40377.03,1254.64,,,,,,,,2025-12-01 17:53:24.878930
MUNICÍPIO DO RIO DE JANEIRO,1,IASERJ,especial,1227º,2020.07060-4,Ativo,Alimentícia,2022,40377.03,1254.64,,,,,,,,2025-12-01 17:53:24.905522
MUNICÍPIO DO RIO DE JANEIRO,1,IASERJ,especial,1228º,2020.06944-4,Suspensão Administrativa,Alimentícia,2022,40377.03,1254.64,,,,,,,,2025-12-01 17:53:24.931857
MUNICÍPIO DO RIO DE JANEIRO,1,IASERJ,especial,1229º,2020.07001-9,Ativo,Alimentícia,2022,40360.02,83886.24,,,,,,,,2025-12-01 17:53:24.962309
MUNICÍPIO DO RIO DE JANEIRO,1,IASERJ,especial,1230º,2020.07066-3,Ativo,Alimentícia,2022,40377.03,83923.58,,,,,,,,2025-12-01 17:53:24.992613
MUNICÍPIO DO RIO DE JANEIRO,1,IASERJ,especial,1231º,2020.07068-0,Ativo,Alimentícia,2022,40377.03,83923.58,,,,,,,,2025-12-01 17:53:25.019797
MUNICÍPIO DO RIO DE JANEIRO,1,IASERJ,especial,1232º,2020.06852-9,Ativo,Alimentícia,2022,40377.03,83923.58,,,,,,,,2025-12-01 17:53:29.627756
MUNICÍPIO DO RIO DE JANEIRO,1,RIO-PREVIDÊNCIA (03.066.219/0001-81),especial,1233º,2020.06919-3,Ativo,Alimentícia,2022,114220.28,124357.47,,,,,,,,2025-12-01 17:53:29.653061
MUNICÍPIO DO RIO DE JANEIRO,1,RIO-PREVIDÊNCIA (03.066.219/0001-81),especial,1234º,2020.07037-0,Ativo,Alimentícia,2022,48951.53,123133.71,,,,,,,,2025-12-01 17:53:29.680126
MUNICÍPIO DO RIO DE JANEIRO,1,RIO-PREVIDÊNCIA (03.066.219/0001-81),especial,1235º,2020.06999-1,Ativo,Alimentícia,2022,329639.60,378210.02,,,,,,,,2025-12-01 17:53:29.705051
MUNICÍPIO DO RIO DE JANEIRO,1,Estado do Rio de Janeiro,especial,1236º,2020.06904-5,Ativo,Alimentícia,2022,71120.99,93815.48,,,,,,,,2025-12-01 17:53:29.731022
MUNICÍPIO DO RIO DE JANEIRO,1,RIO-PREVIDÊNCIA (03.066.219/0001-81),especial,1237º,2020.07000-0,Ativo,Alimentícia,2022,81817.42,136415.46,,,,,,,,2025-12-01 17:53:29.772375
MUNICÍPIO DO RIO DE JANEIRO,1,RIO-PREVIDÊNCIA (03.066.219/0001-81),especial,1238º,2020.07040-0,Ativo,Alimentícia,2022,327269.68,382707.21,,,,,,,,2025-12-01 17:53:29.812767
MUNICÍPIO DO RIO DE JANEIRO,1,RIO-PREVIDÊNCIA (03.066.219/0001-81),especial,1239º,2020.06943-6,Ativo,Alimentícia,2022,27528.46,46930.65,,,,,,,,2025-12-01 17:53:29.849984
MUNICÍPIO DO RIO DE JANEIRO,1,RIO-PREVIDÊNCIA (03.066.219/0001-81),especial,1240º,2020.07064-7,Ativo,Alimentícia,2022,314601.54,373379.56,,,,,,,,2025-12-01 17:53:29.886149
MUNICÍPIO DO RIO DE JANEIRO,1,RIO-PREVIDÊNCIA (03.066.219/0001-81),especial,1241º,2020.07049-3,Ativo,Alimentícia,2022,78650.39,134083.56,,,,,,,,2025-12-01 17:53:29.920860
MUNICÍPIO DO RIO DE JANEIRO,1,UERJ,especial,1242º,2020.07103-1,Ativo,Alimentícia,2022,72367.60,137463.61,,,,,,,,2025-12-01 17:53:34.502546
MUNICÍPIO DO RIO DE JANEIRO,1,RIO-PREVIDÊNCIA (03.066.219/0001-81),especial,1243º,2020.07074-4,Suspensão Administrativa,Alimentícia,2022,141184.07,265349.80,,,,,,,,2025-12-01 17:53:34.527950
MUNICÍPIO DO RIO DE JANEIRO,1,RIO-PREVIDÊNCIA (03.066.219/0001-81),especial,1244º,2020.07069-8,Ativo,Alimentícia,2022,125249.57,101436.77,,,,,,,,2025-12-01 17:53:34.558682
MUNICÍPIO DO RIO DE JANEIRO,1,RIO-PREVIDÊNCIA (03.066.219/0001-81),especial,1245º,2020.07036-1,Ativo,Alimentícia,2022,70602.00,126699.14,,,,,,,,2025-12-01 17:53:34.584144
MUNICÍPIO DO RIO DE JANEIRO,1,Estado do Rio de Janeiro,especial,1246º,2020.07050-7,Ativo,Alimentícia,2022,672074.33,1436434.22,,,,,,,,2025-12-01 17:53:34.610239
MUNICÍPIO DO RIO DE JANEIRO,1,RIO-PREVIDÊNCIA (03.066.219/0001-81),especial,1247º,2020.07151-1,Ativo,Alimentícia,2022,34465.88,216.67,,,,,,,,2025-12-01 17:53:34.634746
MUNICÍPIO DO RIO DE JANEIRO,1,RIO-PREVIDÊNCIA (03.066.219/0001-81),especial,1248º,2020.07102-3,Suspensão Administrativa,Alimentícia,2022,67460.95,135.49,,,,,,,,2025-12-01 17:53:34.659255
MUNICÍPIO DO RIO DE JANEIRO,1,RIO-PREVIDÊNCIA (03.066.219/0001-81),especial,1249º,2020.07062-0,Ativo,Alimentícia,2022,33206.50,67.71,,,,,,,,2025-12-01 17:53:34.683201
MUNICÍPIO DO RIO DE JANEIRO,1,Estado do Rio de Janeiro,especial,1250º,2020.06946-0,Ativo,Alimentícia,2022,5184.98,8841.63,,,,,,,,2025-12-01 17:53:34.710791
MUNICÍPIO DO RIO DE JANEIRO,1,Estado do Rio de Janeiro,especial,1251º,2020.07089-2,Ativo,Alimentícia,2022,5184.98,8841.63,,,,,,,,2025-12-01 17:53:34.736765
MUNICÍPIO DO RIO DE JANEIRO,1,RIO-PREVIDÊNCIA (03.066.219/0001-81),especial,1432º,2020.07444-8,Ativo,Alimentícia,2022,196499.16,171102.49,,,,,,,,2025-12-01 17:53:39.306260
MUNICÍPIO DO RIO DE JANEIRO,1,IPERJ,especial,1433º,2020.07755-2,Ativo,Alimentícia,2022,24160.89,42279.89,,,,,,,,2025-12-01 17:53:39.331315
MUNICÍPIO DO RIO DE JANEIRO,1,Estado do Rio de Janeiro,especial,1434º,2020.07573-8,Ativo,Alimentícia,2022,575665.06,805987.99,,,,,,,,2025-12-01 17:53:39.355735
MUNICÍPIO DO RIO DE JANEIRO,1,RIO-PREVIDÊNCIA (03.066.219/0001-81),especial,1435º,2020.07648-3,Ativo,Alimentícia,2022,460472.12,779385.72,,,,,,,,2025-12-01 17:53:39.381962
MUNICÍPIO DO RIO DE JANEIRO,1,Estado do Rio de Janeiro,especial,1436º,2020.07768-4,Ativo,Alimentícia,2022,210454.08,216834.65,,,,,,,,2025-12-01 17:53:39.407507
MUNICÍPIO DO RIO DE JANEIRO,1,Estado do Rio de Janeiro,especial,1437º,2020.07762-5,Ativo,Alimentícia,2022,77284.71,143789.07,,,,,,,,2025-12-01 17:53:39.437337
MUNICÍPIO DO RIO DE JANEIRO,1,Estado do Rio de Janeiro,especial,1438º,2020.07572-0,Ativo,Alimentícia,2022,166367.13,283005.53,,,,,,,,2025-12-01 17:53:39.472495
MUNICÍPIO DO RIO DE JANEIRO,1,Estado do Rio de Janeiro,especial,1439º,2020.07766-8,Ativo,Alimentícia,2022,133093.70,231557.15,,,,,,,,2025-12-01 17:53:39.500235
MUNICÍPIO DO RIO DE JANEIRO,1,Estado do Rio de Janeiro,especial,1440º,2020.07774-9,Ativo,Alimentícia,2022,133093.70,63996.36,,,,,,,,2025-12-01 17:53:39.534299
MUNICÍPIO DO RIO DE JANEIRO,1,Estado do Rio de Janeiro,especial,1441º,2020.07439-1,Ativo,Alimentícia,2022,133093.70,231557.16,,,,,,,,2025-12-01 17:53:39.562277
MUNICÍPIO DO RIO DE JANEIRO,1,Estado do Rio de Janeiro,especial,1442º,2020.07457-0,Ativo,Alimentícia,2022,133093.70,68602.53,,,,,,,,2025-12-01 17:53:44.141268
MUNICÍPIO DO RIO DE JANEIRO,1,Estado do Rio de Janeiro,especial,1443º,2020.07771-4,Suspensão Administrativa,Alimentícia,2022,133093.70,231557.15,,,,,,,,2025-12-01 17:53:44.180266
MUNICÍPIO DO RIO DE JANEIRO,1,RIO-PREVIDÊNCIA (03.066.219/0001-81),especial,1444º,2020.07891-5,Suspensão Administrativa,Alimentícia,2022,22073.56,36473.07,,,,,,,,2025-12-01 17:53:44.209494
MUNICÍPIO DO RIO DE JANEIRO,1,RIO-PREVIDÊNCIA (03.066.219/0001-81),especial,1445º,2020.07767-6,Ativo,Alimentícia,2022,44154.97,72959.11,,,,,,,,2025-12-01 17:53:44.236084
MUNICÍPIO DO RIO DE JANEIRO,1,RIO-PREVIDÊNCIA (03.066.219/0001-81),especial,1446º,2020.07446-4,Ativo,Alimentícia,2022,22073.56,36473.04,,,,,,,,2025-12-01 17:53:44.273620
MUNICÍPIO DO RIO DE JANEIRO,1,RIO-PREVIDÊNCIA (03.066.219/0001-81),especial,1447º,2020.07757-9,Ativo,Alimentícia,2022,37843.75,62530.80,,,,,,,,2025-12-01 17:53:44.309149
MUNICÍPIO DO RIO DE JANEIRO,1,RIO-PREVIDÊNCIA (03.066.219/0001-81),especial,1448º,2020.07568-1,Ativo,Alimentícia,2022,187328.62,322115.44,,,,,,,,2025-12-01 17:53:44.346769
MUNICÍPIO DO RIO DE JANEIRO,1,RIO-PREVIDÊNCIA (03.066.219/0001-81),especial,1449º,2020.07773-0,Ativo,Alimentícia,2022,874887.99,1382863.53,,,,,,,,2025-12-01 17:53:44.378933
MUNICÍPIO DO RIO DE JANEIRO,1,RIO-PREVIDÊNCIA (03.066.219/0001-81),especial,1450º,2020.07770-6,Ativo,Alimentícia,2022,187328.62,322115.44,,,,,,,,2025-12-01 17:53:44.413113
MUNICÍPIO DO RIO DE JANEIRO,1,RIO-PREVIDÊNCIA (03.066.219/0001-81),especial,1451º,2020.07428-6,Ativo,Alimentícia,2022,17132.46,69472.34,,,,,,,,2025-12-01 17:53:44.445790
MUNICÍPIO DO RIO DE JANEIRO,1,FUNDERJ-FUNDAÇÃO DEPARTAMENTO DE ESTRADAS DE RODAGEM-DER RJ,especial,1452º,2020.07432-4,Ativo,Alimentícia,2022,13062.80,21.04,,,,,,,,2025-12-01 17:53:49.006741
MUNICÍPIO DO RIO DE JANEIRO,1,FUNDERJ-FUNDAÇÃO DEPARTAMENTO DE ESTRADAS DE RODAGEM-DER RJ,especial,1453º,2020.07431-6,Ativo,Alimentícia,2022,13062.80,21.04,,,,,,,,2025-12-01 17:53:49.029615
MUNICÍPIO DO RIO DE JANEIRO,1,FUNDERJ-FUNDAÇÃO DEPARTAMENTO DE ESTRADAS DE RODAGEM-DER RJ,especial,1454º,2020.07427-8,Ativo,Alimentícia,2022,13062.80,21.04,,,,,,,,2025-12-01 17:53:49.053862
MUNICÍPIO DO RIO DE JANEIRO,1,FUNDERJ-FUNDAÇÃO DEPARTAMENTO DE ESTRADAS DE RODAGEM-DER RJ,especial,1455º,2020.07443-0,Ativo,Alimentícia,2022,13062.80,21.04,,,,,,,,2025-12-01 17:53:49.077466
MUNICÍPIO DO RIO DE JANEIRO,1,RIO-PREVIDÊNCIA (03.066.219/0001-81),especial,1456º,2020.07424-3,Ativo,Alimentícia,2022,355823.43,641669.46,,,,,,,,2025-12-01 17:53:49.101643
MUNICÍPIO DO RIO DE JANEIRO,1,RIO-PREVIDÊNCIA (03.066.219/0001-81),especial,1457º,2020.07436-7,Ativo,Alimentícia,2022,31482.85,58812.16,,,,,,,,2025-12-01 17:53:49.126560
MUNICÍPIO DO RIO DE JANEIRO,1,RIO-PREVIDÊNCIA (03.066.219/0001-81),especial,1458º,2020.07429-4,Ativo,Alimentícia,2022,414619.27,728963.16,,,,,,,,2025-12-01 17:53:49.154499
MUNICÍPIO DO RIO DE JANEIRO,1,RIO-PREVIDÊNCIA (03.066.219/0001-81),especial,1459º,2020.07433-2,Ativo,Alimentícia,2022,89620.21,264884.67,,,,,,,,2025-12-01 17:53:49.187644
MUNICÍPIO DO RIO DE JANEIRO,1,Estado do Rio de Janeiro,especial,1460º,2020.07420-0,Ativo,Alimentícia,2022,230010.72,380695.69,,,,,,,,2025-12-01 17:53:49.214295
MUNICÍPIO DO RIO DE JANEIRO,1,Estado do Rio de Janeiro,especial,1461º,2020.07413-8,Ativo,Alimentícia,2022,118476.12,48354.18,,,,,,,,2025-12-01 17:53:49.247549
MUNICÍPIO DO RIO DE JANEIRO,1,RIO-PREVIDÊNCIA (03.066.219/0001-81),especial,1462º,2020.07114-7,Ativo,Alimentícia,2022,48238.48,171842.08,,,,,,,,2025-12-01 17:53:53.844263
MUNICÍPIO DO RIO DE JANEIRO,1,RIO-PREVIDÊNCIA (03.066.219/0001-81),especial,1463º,2020.07129-5,Ativo,Alimentícia,2022,87161.86,142877.77,,,,,,,,2025-12-01 17:53:53.872387
MUNICÍPIO DO RIO DE JANEIRO,1,Estado do Rio de Janeiro,especial,1464º,2020.07410-3,Ativo,Alimentícia,2022,362235.11,462648.38,,,,,,,,2025-12-01 17:53:53.899159
MUNICÍPIO DO RIO DE JANEIRO,1,Estado do Rio de Janeiro,especial,1465º,2020.06984-3,Ativo,Alimentícia,2022,383748.46,662764.23,,,,,,,,2025-12-01 17:53:53.927283
MUNICÍPIO DO RIO DE JANEIRO,1,Estado do Rio de Janeiro,especial,1466º,2020.06978-9,Ativo,Alimentícia,2022,360917.94,125865.26,,,,,,,,2025-12-01 17:53:53.955589
MUNICÍPIO DO RIO DE JANEIRO,1,Estado do Rio de Janeiro,especial,1467º,2020.07401-4,Ativo,Alimentícia,2022,360917.94,460373.15,,,,,,,,2025-12-01 17:53:53.982332
MUNICÍPIO DO RIO DE JANEIRO,1,Estado do Rio de Janeiro,especial,1468º,2020.07414-6,Ativo,Alimentícia,2022,57367.56,83089.70,,,,,,,,2025-12-01 17:53:54.008570
MUNICÍPIO DO RIO DE JANEIRO,1,PRODERJ,especial,1469º,2020.07132-5,Ativo,Alimentícia,2022,81463.74,15895.95,,,,,,,,2025-12-01 17:53:54.035996
MUNICÍPIO DO RIO DE JANEIRO,1,PRODERJ,especial,1470º,2020.07400-6,Ativo,Alimentícia,2022,34913.03,57426.51,,,,,,,,2025-12-01 17:53:54.062452
MUNICÍPIO DO RIO DE JANEIRO,1,Estado do Rio de Janeiro,especial,1471º,2020.07056-6,Ativo,Alimentícia,2022,266459.50,619522.05,,,,,,,,2025-12-01 17:53:54.090115
MUNICÍPIO DO RIO DE JANEIRO,1,RIO-PREVIDÊNCIA (03.066.219/0001-81),especial,1472º,2020.07560-6,Ativo,Alimentícia,2022,132571.86,231773.10,,,,,,,,2025-12-01 17:53:58.694246
MUNICÍPIO DO RIO DE JANEIRO,1,RIO-PREVIDÊNCIA (03.066.219/0001-81),especial,1473º,2020.06985-1,Ativo,Alimentícia,2022,84254.55,6802.27,,,,,,,,2025-12-01 17:53:58.773914
MUNICÍPIO DO RIO DE JANEIRO,1,RIO-PREVIDÊNCIA (03.066.219/0001-81),especial,1474º,2020.07408-1,Ativo,Alimentícia,2022,685100.24,1468751.33,,,,,,,,2025-12-01 17:53:58.815373
MUNICÍPIO DO RIO DE JANEIRO,1,RIO-PREVIDÊNCIA (03.066.219/0001-81),especial,1475º,2020.07512-6,Ativo,Alimentícia,2022,12943.79,25965.57,,,,,,,,2025-12-01 17:53:58.867847
MUNICÍPIO DO RIO DE JANEIRO,1,RIO-PREVIDÊNCIA (03.066.219/0001-81),especial,1476º,2020.07631-9,Ativo,Alimentícia,2022,205598.72,63808.50,,,,,,,,2025-12-01 17:53:58.906237
MUNICÍPIO DO RIO DE JANEIRO,1,Estado do Rio de Janeiro,especial,1477º,2020.06982-7,Ativo,Alimentícia,2022,88851.20,13377.77,,,,,,,,2025-12-01 17:53:58.953404
MUNICÍPIO DO RIO DE JANEIRO,1,Estado do Rio de Janeiro,especial,1478º,2020.06981-9,Ativo,Alimentícia,2022,44425.59,88166.18,,,,,,,,2025-12-01 17:53:59.002483
MUNICÍPIO DO RIO DE JANEIRO,1,Estado do Rio de Janeiro,especial,1479º,2020.06979-7,Ativo,Alimentícia,2022,177702.38,189710.11,,,,,,,,2025-12-01 17:53:59.079227
MUNICÍPIO DO RIO DE JANEIRO,1,Estado do Rio de Janeiro,especial,1480º,2020.07486-3,Ativo,Alimentícia,2022,44425.59,88166.18,,,,,,,,2025-12-01 17:53:59.126363
MUNICÍPIO DO RIO DE JANEIRO,1,Estado do Rio de Janeiro,especial,1481º,2020.06983-5,Ativo,Alimentícia,2022,88851.20,13377.77,,,,,,,,2025-12-01 17:53:59.177520
MUNICÍPIO DO RIO DE JANEIRO,1,RIO-PREVIDÊNCIA (03.066.219/0001-81),especial,1482º,2020.07507-0,Suspensão Administrativa,Alimentícia,2022,329122.28,2742174.02,,,,,,,,2025-12-01 17:54:03.887408
MUNICÍPIO DO RIO DE JANEIRO,1,RIO-PREVIDÊNCIA (03.066.219/0001-81),especial,1483º,2020.06988-6,Ativo,Alimentícia,2022,82255.57,672250.39,,,,,,,,2025-12-01 17:54:04.041804
MUNICÍPIO DO RIO DE JANEIRO,1,RIO-PREVIDÊNCIA (03.066.219/0001-81),especial,1484º,2020.07364-6,Suspensão Administrativa,Alimentícia,2022,126303.52,211194.50,,,,,,,,2025-12-01 17:54:04.120994
MUNICÍPIO DO RIO DE JANEIRO,1,Estado do Rio de Janeiro,especial,1485º,2020.07504-5,Ativo,Alimentícia,2022,63621.63,3527.72,,,,,,,,2025-12-01 17:54:04.153328
MUNICÍPIO DO RIO DE JANEIRO,1,Estado do Rio de Janeiro,especial,1486º,2020.07508-8,Ativo,Alimentícia,2022,63621.63,3527.72,,,,,,,,2025-12-01 17:54:04.218632
MUNICÍPIO DO RIO DE JANEIRO,1,Estado do Rio de Janeiro,especial,1487º,2020.06976-2,Ativo,Alimentícia,2022,15719.12,28501.71,,,,,,,,2025-12-01 17:54:04.259444
MUNICÍPIO DO RIO DE JANEIRO,1,RIO-PREVIDÊNCIA (03.066.219/0001-81),especial,1488º,2020.07403-0,Suspensão Administrativa,Alimentícia,2022,772555.26,1268630.33,,,,,,,,2025-12-01 17:54:04.303946
MUNICÍPIO DO RIO DE JANEIRO,1,RIO-PREVIDÊNCIA (03.066.219/0001-81),especial,1489º,2020.07370-0,Ativo,Alimentícia,2022,193138.81,317157.58,,,,,,,,2025-12-01 17:54:04.329813
MUNICÍPIO DO RIO DE JANEIRO,1,RIO-PREVIDÊNCIA (03.066.219/0001-81),especial,1490º,2020.07156-2,Suspensão Administrativa,Alimentícia,2022,155803.63,499326.61,,,,,,,,2025-12-01 17:54:04.355476
MUNICÍPIO DO RIO DE JANEIRO,1,RIO-PREVIDÊNCIA (03.066.219/0001-81),especial,1491º,2020.07157-0,Suspensão Administrativa,Alimentícia,2022,77901.82,249663.32,,,,,,,,2025-12-01 17:54:04.381549
MUNICÍPIO DO RIO DE JANEIRO,1,RIO-PREVIDÊNCIA (03.066.219/0001-81),especial,1492º,2020.06977-0,Suspensão Administrativa,Alimentícia,2022,623214.57,1866037.74,,,,,,,,2025-12-01 17:54:08.962249
MUNICÍPIO DO RIO DE JANEIRO,1,Estado do Rio de Janeiro,especial,1493º,2020.07784-6,Ativo,Alimentícia,2022,185694.04,142875.26,,,,,,,,2025-12-01 17:54:08.993228
MUNICÍPIO DO RIO DE JANEIRO,1,Estado do Rio de Janeiro,especial,1494º,2020.07862-1,Ativo,Alimentícia,2022,53812.44,96311.03,,,,,,,,2025-12-01 17:54:09.017294
MUNICÍPIO DO RIO DE JANEIRO,1,Estado do Rio de Janeiro,especial,1495º,2020.07783-8,Ativo,Alimentícia,2022,532352.73,1026097.91,,,,,,,,2025-12-01 17:54:09.042713
MUNICÍPIO DO RIO DE JANEIRO,1,Estado do Rio de Janeiro,especial,1496º,2020.07791-9,Ativo,Alimentícia,2022,544117.41,1049410.83,,,,,,,,2025-12-01 17:54:09.067759
MUNICÍPIO DO RIO DE JANEIRO,1,Estado do Rio de Janeiro,especial,1497º,2020.07793-5,Ativo,Alimentícia,2022,535048.75,1031410.23,,,,,,,,2025-12-01 17:54:09.092137
MUNICÍPIO DO RIO DE JANEIRO,1,RIO-PREVIDÊNCIA (03.066.219/0001-81),especial,1498º,2020.07513-4,Ativo,Alimentícia,2022,269760.25,363114.28,,,,,,,,2025-12-01 17:54:09.116051
MUNICÍPIO DO RIO DE JANEIRO,1,RIO-PREVIDÊNCIA (03.066.219/0001-81),especial,1499º,2020.07860-5,Ativo,Alimentícia,2022,269760.25,526068.89,,,,,,,,2025-12-01 17:54:09.139904
MUNICÍPIO DO RIO DE JANEIRO,1,Estado do Rio de Janeiro,especial,1500º,2020.07548-7,Ativo,Alimentícia,2022,54909.68,7170.85,,,,,,,,2025-12-01 17:54:09.163604
MUNICÍPIO DO RIO DE JANEIRO,1,RIO-PREVIDÊNCIA (03.066.219/0001-81),especial,1501º,2020.07499-5,Ativo,Alimentícia,2022,23639.12,83796.86,,,,,,,,2025-12-01 17:54:09.187344
MUNICÍPIO DO RIO DE JANEIRO,1,RIO-PREVIDÊNCIA (03.066.219/0001-81),especial,1682º,2020.07953-9,Ativo,Alimentícia,2022,229376.57,355462.39,,,,,,,,2025-12-01 17:54:13.755506
MUNICÍPIO DO RIO DE JANEIRO,1,FUNDERJ-FUNDAÇÃO DEPARTAMENTO DE ESTRADAS DE RODAGEM-DER RJ,especial,1683º,2020.07952-0,Ativo,Alimentícia,2022,53516.23,43552.07,,,,,,,,2025-12-01 17:54:13.780816
MUNICÍPIO DO RIO DE JANEIRO,1,RIO-PREVIDÊNCIA (03.066.219/0001-81),especial,1684º,2020.07930-0,Suspensão Administrativa,Alimentícia,2022,68551.19,126531.15,,,,,,,,2025-12-01 17:54:13.804752
MUNICÍPIO DO RIO DE JANEIRO,1,Estado do Rio de Janeiro,especial,1685º,2020.07951-2,Suspensão Administrativa,Alimentícia,2022,142560.73,531482.04,,,,,,,,2025-12-01 17:54:13.828921
MUNICÍPIO DO RIO DE JANEIRO,1,FUNDERJ-FUNDAÇÃO DEPARTAMENTO DE ESTRADAS DE RODAGEM-DER RJ,especial,1686º,2020.07924-5,Ativo,Alimentícia,2022,89368.15,184577.85,,,,,,,,2025-12-01 17:54:13.854638
MUNICÍPIO DO RIO DE JANEIRO,1,RIO-PREVIDÊNCIA (03.066.219/0001-81),especial,1687º,2020.07988-1,Ativo,Alimentícia,2022,355500.05,510775.40,,,,,,,,2025-12-01 17:54:13.878129
MUNICÍPIO DO RIO DE JANEIRO,1,Estado do Rio de Janeiro,especial,1688º,2020.07743-9,Ativo,Alimentícia,2022,24562.92,52564.01,,,,,,,,2025-12-01 17:54:13.901988
MUNICÍPIO DO RIO DE JANEIRO,1,Estado do Rio de Janeiro,especial,1689º,2020.07737-4,Ativo,Alimentícia,2022,55256.69,162500.78,,,,,,,,2025-12-01 17:54:13.927062
MUNICÍPIO DO RIO DE JANEIRO,1,Estado do Rio de Janeiro,especial,1690º,2020.07957-1,Ativo,Alimentícia,2022,65175.69,28716.27,,,,,,,,2025-12-01 17:54:13.951299
MUNICÍPIO DO RIO DE JANEIRO,1,Estado do Rio de Janeiro,especial,1691º,2020.07967-9,Ativo,Alimentícia,2022,162592.37,708915.59,,,,,,,,2025-12-01 17:54:13.980690
MUNICÍPIO DO RIO DE JANEIRO,1,RIO-PREVIDÊNCIA (03.066.219/0001-81),especial,1692º,2020.07730-7,Ativo,Alimentícia,2022,37931.76,59092.54,,,,,,,,2025-12-01 17:54:18.555831
MUNICÍPIO DO RIO DE JANEIRO,1,RIO-PREVIDÊNCIA (03.066.219/0001-81),especial,1693º,2020.07926-1,Ativo,Alimentícia,2022,87029.04,39738.75,,,,,,,,2025-12-01 17:54:18.583045
MUNICÍPIO DO RIO DE JANEIRO,1,RIO-PREVIDÊNCIA (03.066.219/0001-81),especial,1694º,2020.07742-0,Ativo,Alimentícia,2022,43881.04,102261.21,,,,,,,,2025-12-01 17:54:18.611069
MUNICÍPIO DO RIO DE JANEIRO,1,RIO-PREVIDÊNCIA (03.066.219/0001-81),especial,1695º,2020.07923-7,Ativo,Alimentícia,2022,44234.83,103096.15,,,,,,,,2025-12-01 17:54:18.637770
MUNICÍPIO DO RIO DE JANEIRO,1,RIO-PREVIDÊNCIA (03.066.219/0001-81),especial,1696º,2020.07959-8,Suspensão Administrativa,Alimentícia,2022,267716.72,294713.83,,,,,,,,2025-12-01 17:54:18.671953
MUNICÍPIO DO RIO DE JANEIRO,1,RIO-PREVIDÊNCIA (03.066.219/0001-81),especial,1697º,2020.07979-2,Ativo,Alimentícia,2022,239070.78,408337.90,,,,,,,,2025-12-01 17:54:18.703465
MUNICÍPIO DO RIO DE JANEIRO,1,Estado do Rio de Janeiro,especial,1698º,2020.07738-2,Ativo,Alimentícia,2022,136492.94,710979.17,,,,,,,,2025-12-01 17:54:18.731695
MUNICÍPIO DO RIO DE JANEIRO,1,IPERJ,especial,1699º,2020.07729-3,Ativo,Alimentícia,2022,127448.80,341354.33,,,,,,,,2025-12-01 17:54:18.759012
MUNICÍPIO DO RIO DE JANEIRO,1,IPERJ,especial,1700º,2020.07985-7,Ativo,Alimentícia,2022,298439.08,638989.29,,,,,,,,2025-12-01 17:54:18.785302
MUNICÍPIO DO RIO DE JANEIRO,1,IPERJ,especial,1701º,2020.07740-4,Ativo,Alimentícia,2022,22886.36,636.32,,,,,,,,2025-12-01 17:54:18.813052
MUNICÍPIO DO RIO DE JANEIRO,1,IPERJ,especial,1702º,2020.07944-0,Ativo,Alimentícia,2022,45772.73,11987.34,,,,,,,,2025-12-01 17:54:23.396164
MUNICÍPIO DO RIO DE JANEIRO,1,IPERJ,especial,1703º,2020.07968-7,Ativo,Alimentícia,2022,22886.36,636.32,,,,,,,,2025-12-01 17:54:23.438833
MUNICÍPIO DO RIO DE JANEIRO,1,IPERJ,especial,1704º,2020.07981-4,Ativo,Alimentícia,2022,226509.15,288745.43,,,,,,,,2025-12-01 17:54:23.478093
MUNICÍPIO DO RIO DE JANEIRO,1,Estado do Rio de Janeiro,especial,1705º,2020.07946-6,Suspensão Administrativa,Alimentícia,2022,8850.03,22710.84,,,,,,,,2025-12-01 17:54:23.522791
MUNICÍPIO DO RIO DE JANEIRO,1,Estado do Rio de Janeiro,especial,1706º,2020.07840-0,Ativo,Alimentícia,2022,8850.03,22710.84,,,,,,,,2025-12-01 17:54:23.571117
MUNICÍPIO DO RIO DE JANEIRO,1,RIO-PREVIDÊNCIA (03.066.219/0001-81),especial,1707º,2020.07990-3,Ativo,Alimentícia,2022,678298.16,1755341.69,,,,,,,,2025-12-01 17:54:23.622210
MUNICÍPIO DO RIO DE JANEIRO,1,RIO-PREVIDÊNCIA (03.066.219/0001-81),especial,1708º,2020.07975-0,Ativo,Alimentícia,2022,2713192.64,6867895.34,,,,,,,,2025-12-01 17:54:23.656685
MUNICÍPIO DO RIO DE JANEIRO,1,RIO-PREVIDÊNCIA (03.066.219/0001-81),especial,1709º,2020.07991-1,Ativo,Alimentícia,2022,339149.08,877670.84,,,,,,,,2025-12-01 17:54:23.691682
MUNICÍPIO DO RIO DE JANEIRO,1,Estado do Rio de Janeiro,especial,1710º,2020.07826-5,Ativo,Alimentícia,2022,96627.64,279958.40,,,,,,,,2025-12-01 17:54:23.763496
MUNICÍPIO DO RIO DE JANEIRO,1,RIO-PREVIDÊNCIA (03.066.219/0001-81),especial,1711º,2020.07835-4,Ativo,Alimentícia,2022,63488.22,282893.90,,,,,,,,2025-12-01 17:54:23.865801
MUNICÍPIO DO RIO DE JANEIRO,1,RIO-PREVIDÊNCIA (03.066.219/0001-81),especial,1712º,2020.07831-1,Ativo,Alimentícia,2022,148139.18,497131.15,,,,,,,,2025-12-01 17:54:28.466783
MUNICÍPIO DO RIO DE JANEIRO,1,Estado do Rio de Janeiro,especial,1713º,2020.07825-7,Ativo,Alimentícia,2022,36098.08,76118.52,,,,,,,,2025-12-01 17:54:28.510727
MUNICÍPIO DO RIO DE JANEIRO,1,Estado do Rio de Janeiro,especial,1714º,2020.07956-3,Ativo,Alimentícia,2022,32368.44,10327.62,,,,,,,,2025-12-01 17:54:28.551898
MUNICÍPIO DO RIO DE JANEIRO,1,Estado do Rio de Janeiro,especial,1715º,2020.07945-8,Ativo,Alimentícia,2022,850596.77,1318616.25,,,,,,,,2025-12-01 17:54:28.581382
MUNICÍPIO DO RIO DE JANEIRO,1,RIO-PREVIDÊNCIA (03.066.219/0001-81),especial,1716º,2020.07890-7,Ativo,Alimentícia,2022,248081.66,259877.80,,,,,,,,2025-12-01 17:54:28.609809
MUNICÍPIO DO RIO DE JANEIRO,1,Estado do Rio de Janeiro,especial,1717º,2020.07830-3,Suspensão Administrativa,Alimentícia,2022,43496.97,92321.01,,,,,,,,2025-12-01 17:54:28.637892
MUNICÍPIO DO RIO DE JANEIRO,1,Estado do Rio de Janeiro,especial,1718º,2020.07843-5,Suspensão Administrativa,Alimentícia,2022,10874.24,102189.84,,,,,,,,2025-12-01 17:54:28.664739
MUNICÍPIO DO RIO DE JANEIRO,1,FUNDERJ-FUNDAÇÃO DEPARTAMENTO DE ESTRADAS DE RODAGEM-DER RJ,especial,1719º,2020.07838-9,Ativo,Alimentícia,2022,29825.06,89.48,,,,,,,,2025-12-01 17:54:28.691190
MUNICÍPIO DO RIO DE JANEIRO,1,RIO-PREVIDÊNCIA (03.066.219/0001-81),especial,1720º,2020.07842-7,Ativo,Alimentícia,2022,336508.64,388389.35,,,,,,,,2025-12-01 17:54:28.724828
MUNICÍPIO DO RIO DE JANEIRO,1,RIO-PREVIDÊNCIA (03.066.219/0001-81),especial,1721º,2020.07872-9,Ativo,Alimentícia,2022,285414.01,388910.88,,,,,,,,2025-12-01 17:54:28.751788
MUNICÍPIO DO RIO DE JANEIRO,1,RIO-PREVIDÊNCIA (03.066.219/0001-81),especial,1722º,2020.07877-0,Ativo,Alimentícia,2022,103892.30,200137.71,,,,,,,,2025-12-01 17:54:33.348800
MUNICÍPIO DO RIO DE JANEIRO,1,RIO-PREVIDÊNCIA (03.066.219/0001-81),especial,1723º,2020.07879-6,Suspensão Administrativa,Alimentícia,2022,311676.93,600413.20,,,,,,,,2025-12-01 17:54:33.391322
MUNICÍPIO DO RIO DE JANEIRO,1,RIO-PREVIDÊNCIA (03.066.219/0001-81),especial,1724º,2020.07878-8,Ativo,Alimentícia,2022,103892.30,37183.08,,,,,,,,2025-12-01 17:54:33.430929
MUNICÍPIO DO RIO DE JANEIRO,1,RIO-PREVIDÊNCIA (03.066.219/0001-81),especial,1725º,2020.07866-4,Ativo,Alimentícia,2022,103892.30,36090.70,,,,,,,,2025-12-01 17:54:33.474859
MUNICÍPIO DO RIO DE JANEIRO,1,RIO-PREVIDÊNCIA (03.066.219/0001-81),especial,1726º,2020.07844-3,Ativo,Alimentícia,2022,299544.40,349821.76,,,,,,,,2025-12-01 17:54:33.517832
MUNICÍPIO DO RIO DE JANEIRO,1,RIO-PREVIDÊNCIA (03.066.219/0001-81),especial,1727º,2020.07870-2,Ativo,Alimentícia,2022,195913.22,384418.07,,,,,,,,2025-12-01 17:54:33.560274
MUNICÍPIO DO RIO DE JANEIRO,1,RIO-PREVIDÊNCIA (03.066.219/0001-81),especial,1728º,2020.07871-0,Ativo,Alimentícia,2022,23301.23,45164.47,,,,,,,,2025-12-01 17:54:33.603044
MUNICÍPIO DO RIO DE JANEIRO,1,RIO-PREVIDÊNCIA (03.066.219/0001-81),especial,1729º,2020.07865-6,Ativo,Alimentícia,2022,131329.63,208232.55,,,,,,,,2025-12-01 17:54:33.641998
MUNICÍPIO DO RIO DE JANEIRO,1,Estado do Rio de Janeiro,especial,1730º,2020.07971-7,Ativo,Alimentícia,2022,20674.46,38284.83,,,,,,,,2025-12-01 17:54:33.725030
MUNICÍPIO DO RIO DE JANEIRO,1,Estado do Rio de Janeiro,especial,1731º,2020.07939-3,Ativo,Alimentícia,2022,76607.85,141861.91,,,,,,,,2025-12-01 17:54:33.752879
MUNICÍPIO DO RIO DE JANEIRO,1,Estado do Rio de Janeiro,especial,1732º,2020.07880-0,Ativo,Alimentícia,2022,42404.21,90515.11,,,,,,,,2025-12-01 17:54:38.331439
MUNICÍPIO DO RIO DE JANEIRO,1,Estado do Rio de Janeiro,especial,1733º,2020.07989-0,Ativo,Alimentícia,2022,17125.52,26931.81,,,,,,,,2025-12-01 17:54:38.365829
MUNICÍPIO DO RIO DE JANEIRO,1,PRODERJ,especial,1734º,2020.07976-8,Ativo,Alimentícia,2022,252271.41,252194.60,,,,,,,,2025-12-01 17:54:38.396017
MUNICÍPIO DO RIO DE JANEIRO,1,FUNDERJ-FUNDAÇÃO DEPARTAMENTO DE ESTRADAS DE RODAGEM-DER RJ,especial,1735º,2020.07977-6,Ativo,Alimentícia,2022,2166.53,4307.86,,,,,,,,2025-12-01 17:54:38.423801
MUNICÍPIO DO RIO DE JANEIRO,1,RIO-PREVIDÊNCIA (03.066.219/0001-81),especial,1736º,2020.07874-5,Ativo,Alimentícia,2022,121295.10,362723.18,,,,,,,,2025-12-01 17:54:38.454740
MUNICÍPIO DO RIO DE JANEIRO,1,Estado do Rio de Janeiro,especial,1737º,2020.07847-8,Ativo,Alimentícia,2022,30772.02,121532.06,,,,,,,,2025-12-01 17:54:38.481584
MUNICÍPIO DO RIO DE JANEIRO,1,RIO-PREVIDÊNCIA (03.066.219/0001-81),especial,1738º,2020.07869-9,Ativo,Alimentícia,2022,245705.48,257710.01,,,,,,,,2025-12-01 17:54:38.511798
MUNICÍPIO DO RIO DE JANEIRO,1,Estado do Rio de Janeiro,especial,1739º,2020.07852-4,Ativo,Alimentícia,2022,25030.04,42672.77,,,,,,,,2025-12-01 17:54:38.536915
MUNICÍPIO DO RIO DE JANEIRO,1,Estado do Rio de Janeiro,especial,1740º,2020.07875-3,Ativo,Alimentícia,2022,198922.43,165988.79,,,,,,,,2025-12-01 17:54:38.562926
MUNICÍPIO DO RIO DE JANEIRO,1,Estado do Rio de Janeiro,especial,1741º,2020.07849-4,Ativo,Alimentícia,2022,15169.04,24803.97,,,,,,,,2025-12-01 17:54:38.591993
MUNICÍPIO DO RIO DE JANEIRO,1,Estado do Rio de Janeiro,especial,1742º,2020.07850-8,Ativo,Alimentícia,2022,120786.12,38761.18,,,,,,,,2025-12-01 17:54:43.156772
MUNICÍPIO DO RIO DE JANEIRO,1,RIO-PREVIDÊNCIA (03.066.219/0001-81),especial,1743º,2020.07864-8,Ativo,Alimentícia,2022,9280.17,21355.66,,,,,,,,2025-12-01 17:54:43.182107
MUNICÍPIO DO RIO DE JANEIRO,1,RIO-PREVIDÊNCIA (03.066.219/0001-81),especial,1744º,2021.00635-7,Ativo,Alimentícia,2022,128659.88,233924.36,,,,,,,,2025-12-01 17:54:43.208030
MUNICÍPIO DO RIO DE JANEIRO,1,RIO-PREVIDÊNCIA (03.066.219/0001-81),especial,1745º,2021.00625-0,Suspensão Administrativa,Alimentícia,2022,385979.64,538818.44,,,,,,,,2025-12-01 17:54:43.233195
MUNICÍPIO DO RIO DE JANEIRO,1,RIO-PREVIDÊNCIA (03.066.219/0001-81),especial,1746º,2021.00578-4,Suspensão Administrativa,Alimentícia,2022,369959.43,536933.26,,,,,,,,2025-12-01 17:54:43.258062
MUNICÍPIO DO RIO DE JANEIRO,1,Estado do Rio de Janeiro,especial,1747º,2021.00297-1,Ativo,Alimentícia,2022,54085.25,9738.45,,,,,,,,2025-12-01 17:54:43.282420
MUNICÍPIO DO RIO DE JANEIRO,1,Estado do Rio de Janeiro,especial,1748º,2021.00619-5,Ativo,Alimentícia,2022,150091.38,89054.06,,,,,,,,2025-12-01 17:54:43.307768
MUNICÍPIO DO RIO DE JANEIRO,1,Estado do Rio de Janeiro,especial,1749º,2021.00077-4,Ativo,Alimentícia,2022,48557.55,81525.38,,,,,,,,2025-12-01 17:54:43.332405
MUNICÍPIO DO RIO DE JANEIRO,1,FUNDERJ-FUNDAÇÃO DEPARTAMENTO DE ESTRADAS DE RODAGEM-DER RJ,especial,1750º,2021.00033-2,Suspensão Administrativa,Alimentícia,2022,119534.73,295692.00,,,,,,,,2025-12-01 17:54:43.356626
MUNICÍPIO DO RIO DE JANEIRO,1,RIO-PREVIDÊNCIA (03.066.219/0001-81),especial,1751º,2021.00305-6,Ativo,Alimentícia,2022,59741.87,105629.39,,,,,,,,2025-12-01 17:54:43.386432
MUNICÍPIO DO RIO DE JANEIRO,1,RIO-PREVIDÊNCIA (03.066.219/0001-81),especial,1932º,2021.00249-1,Ativo,Alimentícia,2022,441060.23,616679.03,,,,,,,,2025-12-01 17:54:47.955668
MUNICÍPIO DO RIO DE JANEIRO,1,RIO-PREVIDÊNCIA (03.066.219/0001-81),especial,1933º,2021.00210-6,Ativo,Alimentícia,2022,92700.22,152379.00,,,,,,,,2025-12-01 17:54:47.984979
MUNICÍPIO DO RIO DE JANEIRO,1,RIO-PREVIDÊNCIA (03.066.219/0001-81),especial,1934º,2021.00243-2,Ativo,Alimentícia,2022,25829.93,117101.28,,,,,,,,2025-12-01 17:54:48.009094
MUNICÍPIO DO RIO DE JANEIRO,1,RIO-PREVIDÊNCIA (03.066.219/0001-81),especial,1935º,2021.00299-8,Ativo,Alimentícia,2022,25829.93,114993.40,,,,,,,,2025-12-01 17:54:48.032832
MUNICÍPIO DO RIO DE JANEIRO,1,RIO-PREVIDÊNCIA (03.066.219/0001-81),especial,1936º,2021.00254-8,Ativo,Alimentícia,2022,7379.98,33457.52,,,,,,,,2025-12-01 17:54:48.058245
MUNICÍPIO DO RIO DE JANEIRO,1,Estado do Rio de Janeiro,especial,1937º,2021.00252-1,Ativo,Alimentícia,2022,111558.98,359993.12,,,,,,,,2025-12-01 17:54:48.081583
MUNICÍPIO DO RIO DE JANEIRO,1,RIO-PREVIDÊNCIA (03.066.219/0001-81),especial,1938º,2021.00242-4,Ativo,Alimentícia,2022,109909.38,121501.87,,,,,,,,2025-12-01 17:54:48.105018
MUNICÍPIO DO RIO DE JANEIRO,1,RIO-PREVIDÊNCIA (03.066.219/0001-81),especial,1939º,2021.00257-2,Ativo,Alimentícia,2022,109909.33,121501.73,,,,,,,,2025-12-01 17:54:48.128096
MUNICÍPIO DO RIO DE JANEIRO,1,RIO-PREVIDÊNCIA (03.066.219/0001-81),especial,1940º,2021.00240-8,Suspensão Administrativa,Alimentícia,2022,548471.17,1419493.77,,,,,,,,2025-12-01 17:54:48.152217
MUNICÍPIO DO RIO DE JANEIRO,1,RIO-PREVIDÊNCIA (03.066.219/0001-81),especial,1941º,2021.00244-0,Suspensão Administrativa,Alimentícia,2022,111582.28,319998.46,,,,,,,,2025-12-01 17:54:48.176023
MUNICÍPIO DO RIO DE JANEIRO,1,RIO-PREVIDÊNCIA (03.066.219/0001-81),especial,1942º,2021.00238-6,Ativo,Alimentícia,2022,109909.33,121501.73,,,,,,,,2025-12-01 17:54:52.739990
MUNICÍPIO DO RIO DE JANEIRO,1,RIO-PREVIDÊNCIA (03.066.219/0001-81),especial,1943º,2021.00253-0,Ativo,Alimentícia,2022,109909.33,121501.73,,,,,,,,2025-12-01 17:54:52.767354
MUNICÍPIO DO RIO DE JANEIRO,1,PRODERJ,especial,1944º,2021.00241-6,Suspensão Administrativa,Alimentícia,2022,137264.07,103747.61,,,,,,,,2025-12-01 17:54:52.794232
MUNICÍPIO DO RIO DE JANEIRO,1,PRODERJ,especial,1945º,2021.00247-5,Suspensão Administrativa,Alimentícia,2022,34316.02,66592.40,,,,,,,,2025-12-01 17:54:52.821338
MUNICÍPIO DO RIO DE JANEIRO,1,Estado do Rio de Janeiro,especial,1946º,2021.00293-9,Ativo,Alimentícia,2022,37940.57,351.38,,,,,,,,2025-12-01 17:54:52.849422
MUNICÍPIO DO RIO DE JANEIRO,1,RIO-PREVIDÊNCIA (03.066.219/0001-81),especial,1947º,2021.00296-3,Ativo,Alimentícia,2022,15515.86,30811.86,,,,,,,,2025-12-01 17:54:52.877539
MUNICÍPIO DO RIO DE JANEIRO,1,RIO-PREVIDÊNCIA (03.066.219/0001-81),especial,1948º,2021.00286-6,Suspensão Administrativa,Alimentícia,2022,223644.69,368183.98,,,,,,,,2025-12-01 17:54:52.904939
MUNICÍPIO DO RIO DE JANEIRO,1,Estado do Rio de Janeiro,especial,1949º,2021.00289-0,Ativo,Alimentícia,2022,144755.60,307389.06,,,,,,,,2025-12-01 17:54:52.933046
MUNICÍPIO DO RIO DE JANEIRO,1,Estado do Rio de Janeiro,especial,1950º,2021.00284-0,Ativo,Alimentícia,2022,337763.08,918609.31,,,,,,,,2025-12-01 17:54:52.960766
MUNICÍPIO DO RIO DE JANEIRO,1,Estado do Rio de Janeiro,especial,1951º,2021.00276-9,Suspensão Administrativa,Alimentícia,2022,106131.97,176068.04,,,,,,,,2025-12-01 17:54:52.987890
MUNICÍPIO DO RIO DE JANEIRO,1,RIO-PREVIDÊNCIA (03.066.219/0001-81),especial,1952º,2021.00330-7,Ativo,Alimentícia,2022,378197.73,511269.50,,,,,,,,2025-12-01 17:54:57.558174
MUNICÍPIO DO RIO DE JANEIRO,1,RIO-PREVIDÊNCIA (03.066.219/0001-81),especial,1953º,2021.00346-3,Ativo,Alimentícia,2022,378197.73,460294.44,,,,,,,,2025-12-01 17:54:57.586408
MUNICÍPIO DO RIO DE JANEIRO,1,RIO-PREVIDÊNCIA (03.066.219/0001-81),especial,1954º,2021.00328-5,Ativo,Alimentícia,2022,172410.84,142450.09,,,,,,,,2025-12-01 17:54:57.612714
MUNICÍPIO DO RIO DE JANEIRO,1,RIO-PREVIDÊNCIA (03.066.219/0001-81),especial,1955º,2021.00335-8,Ativo,Alimentícia,2022,378197.73,511269.50,,,,,,,,2025-12-01 17:54:57.640344
MUNICÍPIO DO RIO DE JANEIRO,1,RIO-PREVIDÊNCIA (03.066.219/0001-81),especial,1956º,2021.00283-1,Ativo,Alimentícia,2022,378197.73,511269.50,,,,,,,,2025-12-01 17:54:57.667064
MUNICÍPIO DO RIO DE JANEIRO,1,RIO-PREVIDÊNCIA (03.066.219/0001-81),especial,1957º,2021.00281-5,Ativo,Alimentícia,2022,70818.30,18292.57,,,,,,,,2025-12-01 17:54:57.761225
MUNICÍPIO DO RIO DE JANEIRO,1,Estado do Rio de Janeiro,especial,1958º,2021.00272-6,Ativo,Alimentícia,2022,125000.09,43177.26,,,,,,,,2025-12-01 17:54:57.927688
MUNICÍPIO DO RIO DE JANEIRO,1,RIO-PREVIDÊNCIA (03.066.219/0001-81),especial,1959º,2021.00340-4,Ativo,Alimentícia,2022,14134.81,27593.92,,,,,,,,2025-12-01 17:54:58.129475
MUNICÍPIO DO RIO DE JANEIRO,1,Estado do Rio de Janeiro,especial,1960º,2021.00333-1,Suspensão Administrativa,Alimentícia,2022,1009998.64,2041170.10,,,,,,,,2025-12-01 17:54:58.225743
MUNICÍPIO DO RIO DE JANEIRO,1,Estado do Rio de Janeiro,especial,1961º,2021.00327-7,Suspensão Administrativa,Alimentícia,2022,131681.70,266123.87,,,,,,,,2025-12-01 17:54:58.278119
MUNICÍPIO DO RIO DE JANEIRO,1,Estado do Rio de Janeiro,especial,1962º,2021.00339-0,Ativo,Alimentícia,2022,175136.66,353944.74,,,,,,,,2025-12-01 17:55:02.859765
MUNICÍPIO DO RIO DE JANEIRO,1,PRODERJ,especial,1963º,2021.00278-5,Ativo,Alimentícia,2022,60173.14,72975.70,,,,,,,,2025-12-01 17:55:02.899333
MUNICÍPIO DO RIO DE JANEIRO,1,PRODERJ,especial,1964º,2021.00274-2,Suspensão Administrativa,Alimentícia,2022,15043.28,58695.18,,,,,,,,2025-12-01 17:55:02.943391
MUNICÍPIO DO RIO DE JANEIRO,1,RIO-PREVIDÊNCIA (03.066.219/0001-81),especial,1965º,2021.00290-4,Suspensão Administrativa,Alimentícia,2022,62968.05,261465.54,,,,,,,,2025-12-01 17:55:02.986705
MUNICÍPIO DO RIO DE JANEIRO,1,RIO-PREVIDÊNCIA (03.066.219/0001-81),especial,1966º,2021.00332-3,Suspensão Administrativa,Alimentícia,2022,25141.24,104885.49,,,,,,,,2025-12-01 17:55:03.014391
MUNICÍPIO DO RIO DE JANEIRO,1,RIO-PREVIDÊNCIA (03.066.219/0001-81),especial,1967º,2021.00341-2,Suspensão Administrativa,Alimentícia,2022,62968.05,261465.54,,,,,,,,2025-12-01 17:55:03.041246
MUNICÍPIO DO RIO DE JANEIRO,1,RIO-PREVIDÊNCIA (03.066.219/0001-81),especial,1968º,2021.00334-0,Ativo,Alimentícia,2022,4492.99,17105.85,,,,,,,,2025-12-01 17:55:03.065905
MUNICÍPIO DO RIO DE JANEIRO,1,Estado do Rio de Janeiro,especial,1969º,2021.00345-5,Ativo,Alimentícia,2022,41866.88,69528.59,,,,,,,,2025-12-01 17:55:03.094520
MUNICÍPIO DO RIO DE JANEIRO,1,Estado do Rio de Janeiro,especial,1970º,2021.00336-6,Suspensão Administrativa,Alimentícia,2022,217582.09,446637.23,,,,,,,,2025-12-01 17:55:03.121912
MUNICÍPIO DO RIO DE JANEIRO,1,Estado do Rio de Janeiro,especial,1971º,2021.00344-7,Suspensão Administrativa,Alimentícia,2022,1418505.07,2911827.85,,,,,,,,2025-12-01 17:55:03.147640
MUNICÍPIO DO RIO DE JANEIRO,1,RIO-PREVIDÊNCIA (03.066.219/0001-81),especial,1972º,2021.00392-7,Ativo,Alimentícia,2022,14091.58,39595.97,,,,,,,,2025-12-01 17:55:07.723168
MUNICÍPIO DO RIO DE JANEIRO,1,Estado do Rio de Janeiro,especial,1973º,2021.00393-5,Ativo,Alimentícia,2022,30910.81,53390.62,,,,,,,,2025-12-01 17:55:07.748346
MUNICÍPIO DO RIO DE JANEIRO,1,Estado do Rio de Janeiro,especial,1974º,2021.00364-1,Ativo,Alimentícia,2022,123643.24,213562.45,,,,,,,,2025-12-01 17:55:07.773218
MUNICÍPIO DO RIO DE JANEIRO,1,FUNDERJ-FUNDAÇÃO DEPARTAMENTO DE ESTRADAS DE RODAGEM-DER RJ,especial,1975º,2021.00406-0,Ativo,Alimentícia,2022,48168.48,96198.94,,,,,,,,2025-12-01 17:55:07.797675
MUNICÍPIO DO RIO DE JANEIRO,1,FUNDERJ-FUNDAÇÃO DEPARTAMENTO DE ESTRADAS DE RODAGEM-DER RJ,especial,1976º,2021.00395-1,Ativo,Alimentícia,2022,6945.59,13631.15,,,,,,,,2025-12-01 17:55:07.823928
MUNICÍPIO DO RIO DE JANEIRO,1,FUNDERJ-FUNDAÇÃO DEPARTAMENTO DE ESTRADAS DE RODAGEM-DER RJ,especial,1977º,2021.00412-5,Ativo,Alimentícia,2022,50936.25,101966.69,,,,,,,,2025-12-01 17:55:07.851401
MUNICÍPIO DO RIO DE JANEIRO,1,RIO-PREVIDÊNCIA (03.066.219/0001-81),especial,1978º,2021.00394-3,Ativo,Alimentícia,2022,12688.97,35767.80,,,,,,,,2025-12-01 17:55:07.891556
MUNICÍPIO DO RIO DE JANEIRO,1,Estado do Rio de Janeiro,especial,1979º,2021.00387-0,Ativo,Alimentícia,2022,142088.61,96450.16,,,,,,,,2025-12-01 17:55:07.916522
MUNICÍPIO DO RIO DE JANEIRO,1,RIO-PREVIDÊNCIA (03.066.219/0001-81),especial,1980º,2021.00390-0,Ativo,Alimentícia,2022,19403.83,32103.22,,,,,,,,2025-12-01 17:55:07.953599
MUNICÍPIO DO RIO DE JANEIRO,1,PRODERJ,especial,1981º,2021.00391-9,Suspensão Administrativa,Alimentícia,2022,288758.22,472661.70,,,,,,,,2025-12-01 17:55:07.980194
MUNICÍPIO DO RIO DE JANEIRO,1,PRODERJ,especial,1982º,2021.00360-9,Suspensão Administrativa,Alimentícia,2022,673769.19,955352.43,,,,,,,,2025-12-01 17:55:12.553781
MUNICÍPIO DO RIO DE JANEIRO,1,Estado do Rio de Janeiro,especial,1983º,2021.00465-6,Suspensão Administrativa,Alimentícia,2022,315201.68,423761.02,,,,,,,,2025-12-01 17:55:12.578376
MUNICÍPIO DO RIO DE JANEIRO,1,Estado do Rio de Janeiro,especial,1984º,2021.00311-0,Ativo,Alimentícia,2022,76591.98,142546.58,,,,,,,,2025-12-01 17:55:12.604883
MUNICÍPIO DO RIO DE JANEIRO,1,Estado do Rio de Janeiro,especial,1985º,2021.00460-5,Ativo,Alimentícia,2022,23952.93,43033.77,,,,,,,,2025-12-01 17:55:12.629280
MUNICÍPIO DO RIO DE JANEIRO,1,RIO-PREVIDÊNCIA (03.066.219/0001-81),especial,1986º,2021.00413-3,Ativo,Alimentícia,2022,324813.21,391367.44,,,,,,,,2025-12-01 17:55:12.656356
MUNICÍPIO DO RIO DE JANEIRO,1,RIO-PREVIDÊNCIA (03.066.219/0001-81),especial,1987º,2021.00422-2,Ativo,Alimentícia,2022,54427.22,92186.10,,,,,,,,2025-12-01 17:55:12.681385
MUNICÍPIO DO RIO DE JANEIRO,1,RIO-PREVIDÊNCIA (03.066.219/0001-81),especial,1988º,2021.00407-9,Ativo,Alimentícia,2022,54427.22,92186.10,,,,,,,,2025-12-01 17:55:12.708688
MUNICÍPIO DO RIO DE JANEIRO,1,RIO-PREVIDÊNCIA (03.066.219/0001-81),especial,1989º,2021.00408-7,Ativo,Alimentícia,2022,108859.95,21426.90,,,,,,,,2025-12-01 17:55:12.736308
MUNICÍPIO DO RIO DE JANEIRO,1,Estado do Rio de Janeiro,especial,1990º,2021.00366-8,Ativo,Alimentícia,2022,153490.99,202594.69,,,,,,,,2025-12-01 17:55:12.763190
MUNICÍPIO DO RIO DE JANEIRO,1,RIO-PREVIDÊNCIA (03.066.219/0001-81),especial,1991º,2021.00347-1,Ativo,Alimentícia,2022,59686.15,144762.80,,,,,,,,2025-12-01 17:55:12.792141
MUNICÍPIO DO RIO DE JANEIRO,1,RIO-PREVIDÊNCIA (03.066.219/0001-81),especial,1992º,2021.00348-0,Ativo,Alimentícia,2022,167833.53,406649.07,,,,,,,,2025-12-01 17:55:17.360651
MUNICÍPIO DO RIO DE JANEIRO,1,RIO-PREVIDÊNCIA (03.066.219/0001-81),especial,1993º,2021.00418-4,Ativo,Alimentícia,2022,256216.44,621456.09,,,,,,,,2025-12-01 17:55:17.392509
MUNICÍPIO DO RIO DE JANEIRO,1,RIO-PREVIDÊNCIA (03.066.219/0001-81),especial,1994º,2021.00462-1,Ativo,Alimentícia,2022,298896.84,729209.19,,,,,,,,2025-12-01 17:55:17.421263
MUNICÍPIO DO RIO DE JANEIRO,1,RIO-PREVIDÊNCIA (03.066.219/0001-81),especial,1995º,2021.00469-9,Ativo,Alimentícia,2022,510646.57,989570.01,,,,,,,,2025-12-01 17:55:17.449345
MUNICÍPIO DO RIO DE JANEIRO,1,RIO-PREVIDÊNCIA (03.066.219/0001-81),especial,1996º,2021.00313-7,Ativo,Alimentícia,2022,14197.83,29310.56,,,,,,,,2025-12-01 17:55:17.478741
MUNICÍPIO DO RIO DE JANEIRO,1,RIO-PREVIDÊNCIA (03.066.219/0001-81),especial,1997º,2021.00312-9,Ativo,Alimentícia,2022,14197.83,29310.56,,,,,,,,2025-12-01 17:55:17.508278
MUNICÍPIO DO RIO DE JANEIRO,1,RIO-PREVIDÊNCIA (03.066.219/0001-81),especial,1998º,2021.00376-5,Ativo,Alimentícia,2022,24266.91,50073.38,,,,,,,,2025-12-01 17:55:17.533996
MUNICÍPIO DO RIO DE JANEIRO,1,FUNDERJ-FUNDAÇÃO DEPARTAMENTO DE ESTRADAS DE RODAGEM-DER RJ,especial,1999º,2021.00533-4,Ativo,Alimentícia,2022,3140.04,21.93,,,,,,,,2025-12-01 17:55:17.561004
MUNICÍPIO DO RIO DE JANEIRO,1,FUNDERJ-FUNDAÇÃO DEPARTAMENTO DE ESTRADAS DE RODAGEM-DER RJ,especial,2000º,2021.00531-8,Ativo,Alimentícia,2022,15700.23,109.74,,,,,,,,2025-12-01 17:55:17.595213
MUNICÍPIO DO RIO DE JANEIRO,1,FUNDERJ-FUNDAÇÃO DEPARTAMENTO DE ESTRADAS DE RODAGEM-DER RJ,especial,2001º,2021.00442-7,Ativo,Alimentícia,2022,3140.04,11235.06,,,,,,,,2025-12-01 17:55:17.647226
MUNICÍPIO DO RIO DE JANEIRO,1,Estado do Rio de Janeiro,especial,2182º,2021.00889-9,Ativo,Alimentícia,2022,310944.41,355149.02,,,,,,,,2025-12-01 17:55:22.234502
MUNICÍPIO DO RIO DE JANEIRO,1,Estado do Rio de Janeiro,especial,2183º,2021.00876-7,Ativo,Alimentícia,2022,20039.91,33391.01,,,,,,,,2025-12-01 17:55:22.262405
MUNICÍPIO DO RIO DE JANEIRO,1,Estado do Rio de Janeiro,especial,2184º,2021.01131-8,Suspensão Administrativa,Alimentícia,2022,15669.30,50299.53,,,,,,,,2025-12-01 17:55:22.288060
MUNICÍPIO DO RIO DE JANEIRO,1,Estado do Rio de Janeiro,especial,2185º,2021.00880-5,Ativo,Alimentícia,2022,129057.89,219235.54,,,,,,,,2025-12-01 17:55:22.312165
MUNICÍPIO DO RIO DE JANEIRO,1,RIO-PREVIDÊNCIA (03.066.219/0001-81),especial,2186º,2021.00890-2,Ativo,Alimentícia,2022,450088.25,649976.33,,,,,,,,2025-12-01 17:55:22.335991
MUNICÍPIO DO RIO DE JANEIRO,1,Estado do Rio de Janeiro,especial,2187º,2021.00879-1,Ativo,Alimentícia,2022,68900.29,61098.42,,,,,,,,2025-12-01 17:55:22.360791
MUNICÍPIO DO RIO DE JANEIRO,1,Estado do Rio de Janeiro,especial,2188º,2021.00878-3,Ativo,Alimentícia,2022,9842.90,18483.62,,,,,,,,2025-12-01 17:55:22.384944
MUNICÍPIO DO RIO DE JANEIRO,1,Estado do Rio de Janeiro,especial,2189º,2021.01137-7,Ativo,Alimentícia,2022,9842.90,17456.69,,,,,,,,2025-12-01 17:55:22.410538
MUNICÍPIO DO RIO DE JANEIRO,1,Estado do Rio de Janeiro,especial,2190º,2021.00884-8,Ativo,Alimentícia,2022,26213.06,44377.38,,,,,,,,2025-12-01 17:55:22.434700
MUNICÍPIO DO RIO DE JANEIRO,1,Estado do Rio de Janeiro,especial,2191º,2021.00885-6,Ativo,Alimentícia,2022,61163.80,103547.20,,,,,,,,2025-12-01 17:55:22.459764
MUNICÍPIO DO RIO DE JANEIRO,1,RIO-PREVIDÊNCIA (03.066.219/0001-81),especial,2192º,2021.01134-2,Ativo,Alimentícia,2022,33247.60,74181.96,,,,,,,,2025-12-01 17:55:27.026472
MUNICÍPIO DO RIO DE JANEIRO,1,RIO-PREVIDÊNCIA (03.066.219/0001-81),especial,2193º,2021.01203-9,Ativo,Alimentícia,2022,341079.83,604929.11,,,,,,,,2025-12-01 17:55:27.053014
MUNICÍPIO DO RIO DE JANEIRO,1,RIO-PREVIDÊNCIA (03.066.219/0001-81),especial,2194º,2021.01133-4,Ativo,Alimentícia,2022,8526.04,15138.67,,,,,,,,2025-12-01 17:55:27.078469
MUNICÍPIO DO RIO DE JANEIRO,1,Estado do Rio de Janeiro,especial,2195º,2021.01200-4,Ativo,Alimentícia,2022,9448.54,24072.66,,,,,,,,2025-12-01 17:55:27.104079
MUNICÍPIO DO RIO DE JANEIRO,1,Estado do Rio de Janeiro,especial,2196º,2021.01201-2,Ativo,Alimentícia,2022,152938.81,87838.10,,,,,,,,2025-12-01 17:55:27.127464
MUNICÍPIO DO RIO DE JANEIRO,1,RIO-PREVIDÊNCIA (03.066.219/0001-81),especial,2197º,2021.00899-6,Ativo,Alimentícia,2022,58056.03,31365.99,,,,,,,,2025-12-01 17:55:27.152483
MUNICÍPIO DO RIO DE JANEIRO,1,RIO-PREVIDÊNCIA (03.066.219/0001-81),especial,2198º,2021.01140-7,Ativo,Alimentícia,2022,30391.84,65473.03,,,,,,,,2025-12-01 17:55:27.176184
MUNICÍPIO DO RIO DE JANEIRO,1,Estado do Rio de Janeiro,especial,2199º,2021.00910-0,Ativo,Alimentícia,2022,50362.98,94699.39,,,,,,,,2025-12-01 17:55:27.199217
MUNICÍPIO DO RIO DE JANEIRO,1,RIO-PREVIDÊNCIA (03.066.219/0001-81),especial,2200º,2021.00912-7,Ativo,Alimentícia,2022,77577.75,21641.73,,,,,,,,2025-12-01 17:55:27.223083
MUNICÍPIO DO RIO DE JANEIRO,1,RIO-PREVIDÊNCIA (03.066.219/0001-81),especial,2201º,2021.00907-0,Ativo,Alimentícia,2022,64000.77,119741.28,,,,,,,,2025-12-01 17:55:27.245441
MUNICÍPIO DO RIO DE JANEIRO,1,RIO-PREVIDÊNCIA (03.066.219/0001-81),especial,2202º,2021.00906-2,Ativo,Alimentícia,2022,256003.10,316010.55,,,,,,,,2025-12-01 17:55:31.930473
MUNICÍPIO DO RIO DE JANEIRO,1,RIO-PREVIDÊNCIA (03.066.219/0001-81),especial,2203º,2021.00900-3,Ativo,Alimentícia,2022,89985.13,160351.79,,,,,,,,2025-12-01 17:55:31.968103
MUNICÍPIO DO RIO DE JANEIRO,1,Estado do Rio de Janeiro,especial,2204º,2021.00911-9,Ativo,Alimentícia,2022,97956.20,20129.94,,,,,,,,2025-12-01 17:55:32.007838
MUNICÍPIO DO RIO DE JANEIRO,1,Estado do Rio de Janeiro,especial,2205º,2021.00919-4,Ativo,Alimentícia,2022,145509.60,258341.81,,,,,,,,2025-12-01 17:55:32.044468
MUNICÍPIO DO RIO DE JANEIRO,1,RIO-PREVIDÊNCIA (03.066.219/0001-81),especial,2206º,2021.00896-1,Ativo,Alimentícia,2022,173820.90,305678.25,,,,,,,,2025-12-01 17:55:32.074340
MUNICÍPIO DO RIO DE JANEIRO,1,RIO-PREVIDÊNCIA (03.066.219/0001-81),especial,2207º,2021.00923-2,Ativo,Alimentícia,2022,63707.44,111093.04,,,,,,,,2025-12-01 17:55:32.104098
MUNICÍPIO DO RIO DE JANEIRO,1,RIO-PREVIDÊNCIA (03.066.219/0001-81),especial,2208º,2021.00922-4,Ativo,Alimentícia,2022,634357.07,953761.73,,,,,,,,2025-12-01 17:55:32.132890
MUNICÍPIO DO RIO DE JANEIRO,1,Estado do Rio de Janeiro,especial,2209º,2021.00888-0,Ativo,Alimentícia,2022,9505.67,15543.39,,,,,,,,2025-12-01 17:55:32.163135
MUNICÍPIO DO RIO DE JANEIRO,1,RIO-PREVIDÊNCIA (03.066.219/0001-81),especial,2210º,2021.00918-6,Ativo,Alimentícia,2022,119089.15,386408.30,,,,,,,,2025-12-01 17:55:32.197604
MUNICÍPIO DO RIO DE JANEIRO,1,Estado do Rio de Janeiro,especial,2211º,2021.01207-1,Ativo,Alimentícia,2022,223731.36,308931.24,,,,,,,,2025-12-01 17:55:32.227723
MUNICÍPIO DO RIO DE JANEIRO,1,Estado do Rio de Janeiro,especial,2212º,2021.01216-0,Ativo,Alimentícia,2022,21508.91,11412.03,,,,,,,,2025-12-01 17:55:36.807480
MUNICÍPIO DO RIO DE JANEIRO,1,Estado do Rio de Janeiro,especial,2213º,2021.01218-7,Ativo,Alimentícia,2022,51039.59,242542.33,,,,,,,,2025-12-01 17:55:36.839042
MUNICÍPIO DO RIO DE JANEIRO,1,Estado do Rio de Janeiro,especial,2214º,2021.01217-9,Ativo,Alimentícia,2022,43887.17,51526.48,,,,,,,,2025-12-01 17:55:36.865618
MUNICÍPIO DO RIO DE JANEIRO,1,Estado do Rio de Janeiro,especial,2215º,2021.01215-2,Ativo,Alimentícia,2022,47384.96,69166.50,,,,,,,,2025-12-01 17:55:36.898911
MUNICÍPIO DO RIO DE JANEIRO,1,Estado do Rio de Janeiro,especial,2216º,2021.00914-3,Ativo,Alimentícia,2022,15993.61,26152.29,,,,,,,,2025-12-01 17:55:36.928753
MUNICÍPIO DO RIO DE JANEIRO,1,Estado do Rio de Janeiro,especial,2217º,2021.00915-1,Ativo,Alimentícia,2022,128588.72,50559.37,,,,,,,,2025-12-01 17:55:36.952830
MUNICÍPIO DO RIO DE JANEIRO,1,Estado do Rio de Janeiro,especial,2218º,2021.00921-6,Ativo,Alimentícia,2022,130711.92,50756.83,,,,,,,,2025-12-01 17:55:36.976796
MUNICÍPIO DO RIO DE JANEIRO,1,Estado do Rio de Janeiro,especial,2219º,2021.00920-8,Ativo,Alimentícia,2022,13539.86,22140.00,,,,,,,,2025-12-01 17:55:37.001162
MUNICÍPIO DO RIO DE JANEIRO,1,PRODERJ,especial,2220º,2021.01214-4,Suspensão Administrativa,Alimentícia,2022,58416.08,101053.39,,,,,,,,2025-12-01 17:55:37.025257
MUNICÍPIO DO RIO DE JANEIRO,1,Estado do Rio de Janeiro,especial,2221º,2021.00928-3,Ativo,Alimentícia,2022,21571.37,35272.89,,,,,,,,2025-12-01 17:55:37.051085
MUNICÍPIO DO RIO DE JANEIRO,1,Estado do Rio de Janeiro,especial,2222º,2021.00929-1,Ativo,Alimentícia,2022,21571.37,35272.89,,,,,,,,2025-12-01 17:55:41.627150
MUNICÍPIO DO RIO DE JANEIRO,1,Estado do Rio de Janeiro,especial,2223º,2021.01210-1,Ativo,Alimentícia,2022,33543.10,54752.41,,,,,,,,2025-12-01 17:55:41.659190
MUNICÍPIO DO RIO DE JANEIRO,1,Estado do Rio de Janeiro,especial,2224º,2021.00924-0,Ativo,Alimentícia,2022,77095.02,138555.06,,,,,,,,2025-12-01 17:55:41.693300
MUNICÍPIO DO RIO DE JANEIRO,1,Estado do Rio de Janeiro,especial,2225º,2021.00927-5,Suspensão Administrativa,Alimentícia,2022,28621.75,51466.43,,,,,,,,2025-12-01 17:55:41.726947
MUNICÍPIO DO RIO DE JANEIRO,1,RIO-PREVIDÊNCIA (03.066.219/0001-81),especial,2226º,2021.01224-1,Ativo,Alimentícia,2022,284712.66,369024.33,,,,,,,,2025-12-01 17:55:41.757012
MUNICÍPIO DO RIO DE JANEIRO,1,RIO-PREVIDÊNCIA (03.066.219/0001-81),especial,2227º,2021.01227-6,Ativo,Alimentícia,2022,302845.37,500719.13,,,,,,,,2025-12-01 17:55:41.782759
MUNICÍPIO DO RIO DE JANEIRO,1,RIO-PREVIDÊNCIA (03.066.219/0001-81),especial,2228º,2021.01123-7,Ativo,Alimentícia,2022,172999.20,284301.98,,,,,,,,2025-12-01 17:55:41.808555
MUNICÍPIO DO RIO DE JANEIRO,1,RIO-PREVIDÊNCIA (03.066.219/0001-81),especial,2229º,2021.00930-5,Ativo,Alimentícia,2022,156271.24,258743.10,,,,,,,,2025-12-01 17:55:41.834149
MUNICÍPIO DO RIO DE JANEIRO,1,Estado do Rio de Janeiro,especial,2230º,2021.01222-5,Ativo,Alimentícia,2022,457685.52,1511584.95,,,,,,,,2025-12-01 17:55:41.858844
MUNICÍPIO DO RIO DE JANEIRO,1,RIO-PREVIDÊNCIA (03.066.219/0001-81),especial,2231º,2021.00933-0,Ativo,Alimentícia,2022,35622.62,60993.35,,,,,,,,2025-12-01 17:55:41.883311
MUNICÍPIO DO RIO DE JANEIRO,1,RIO-PREVIDÊNCIA (03.066.219/0001-81),especial,2232º,2021.00935-6,Ativo,Alimentícia,2022,35622.62,60993.35,,,,,,,,2025-12-01 17:55:46.455763
MUNICÍPIO DO RIO DE JANEIRO,1,RIO-PREVIDÊNCIA (03.066.219/0001-81),especial,2233º,2021.00934-8,Ativo,Alimentícia,2022,35622.62,60958.76,,,,,,,,2025-12-01 17:55:46.480041
MUNICÍPIO DO RIO DE JANEIRO,1,FUNDERJ-FUNDAÇÃO DEPARTAMENTO DE ESTRADAS DE RODAGEM-DER RJ,especial,2234º,2021.00936-4,Ativo,Alimentícia,2022,34385.07,111040.86,,,,,,,,2025-12-01 17:55:46.502689
MUNICÍPIO DO RIO DE JANEIRO,1,FUNDERJ-FUNDAÇÃO DEPARTAMENTO DE ESTRADAS DE RODAGEM-DER RJ,especial,2235º,2021.00937-2,Ativo,Alimentícia,2022,34385.07,111040.86,,,,,,,,2025-12-01 17:55:46.526240
MUNICÍPIO DO RIO DE JANEIRO,1,DETRAN,especial,2236º,2021.00950-0,Suspensão Administrativa,Alimentícia,2022,328082.98,625099.47,,,,,,,,2025-12-01 17:55:46.549841
MUNICÍPIO DO RIO DE JANEIRO,1,DETRAN,especial,2237º,2021.00951-8,Ativo,Alimentícia,2022,418401.11,842059.58,,,,,,,,2025-12-01 17:55:46.572203
MUNICÍPIO DO RIO DE JANEIRO,1,Estado do Rio de Janeiro,especial,2238º,2021.00939-9,Ativo,Alimentícia,2022,105190.75,18112.11,,,,,,,,2025-12-01 17:55:46.594388
MUNICÍPIO DO RIO DE JANEIRO,1,Estado do Rio de Janeiro,especial,2239º,2021.00938-0,Ativo,Alimentícia,2022,15027.25,26631.89,,,,,,,,2025-12-01 17:55:46.623715
MUNICÍPIO DO RIO DE JANEIRO,1,RIO-PREVIDÊNCIA (03.066.219/0001-81),especial,2240º,2021.01228-4,Ativo,Alimentícia,2022,12458.31,22573.39,,,,,,,,2025-12-01 17:55:46.645831
MUNICÍPIO DO RIO DE JANEIRO,1,Estado do Rio de Janeiro,especial,2241º,2021.00952-6,Ativo,Alimentícia,2022,183799.89,140071.19,,,,,,,,2025-12-01 17:55:46.668542
MUNICÍPIO DO RIO DE JANEIRO,1,Estado do Rio de Janeiro,especial,2242º,2021.00959-3,Ativo,Alimentícia,2022,15270.66,24970.15,,,,,,,,2025-12-01 17:55:51.236467
MUNICÍPIO DO RIO DE JANEIRO,1,Estado do Rio de Janeiro,especial,2243º,2021.00955-0,Ativo,Alimentícia,2022,23554.18,38515.12,,,,,,,,2025-12-01 17:55:51.263095
MUNICÍPIO DO RIO DE JANEIRO,1,Estado do Rio de Janeiro,especial,2244º,2021.00960-7,Ativo,Alimentícia,2022,204230.28,171546.93,,,,,,,,2025-12-01 17:55:51.290351
MUNICÍPIO DO RIO DE JANEIRO,1,Estado do Rio de Janeiro,especial,2245º,2021.00956-9,Ativo,Alimentícia,2022,326921.07,381769.76,,,,,,,,2025-12-01 17:55:51.316614
MUNICÍPIO DO RIO DE JANEIRO,1,Estado do Rio de Janeiro,especial,2246º,2021.00954-2,Ativo,Alimentícia,2022,21089.88,35140.50,,,,,,,,2025-12-01 17:55:51.343504
MUNICÍPIO DO RIO DE JANEIRO,1,Estado do Rio de Janeiro,especial,2247º,2021.00949-6,Ativo,Alimentícia,2022,21089.88,35140.50,,,,,,,,2025-12-01 17:55:51.370992
MUNICÍPIO DO RIO DE JANEIRO,1,Estado do Rio de Janeiro,especial,2248º,2021.01235-7,Ativo,Alimentícia,2022,3952.60,10471.16,,,,,,,,2025-12-01 17:55:51.403059
MUNICÍPIO DO RIO DE JANEIRO,1,Estado do Rio de Janeiro,especial,2249º,2021.01239-0,Ativo,Alimentícia,2022,3952.60,1389.80,,,,,,,,2025-12-01 17:55:51.434187
MUNICÍPIO DO RIO DE JANEIRO,1,Estado do Rio de Janeiro,especial,2250º,2021.01250-0,Suspensão Administrativa,Alimentícia,2022,3952.60,10471.16,,,,,,,,2025-12-01 17:55:51.462861
MUNICÍPIO DO RIO DE JANEIRO,1,Estado do Rio de Janeiro,especial,2251º,2021.01243-8,Ativo,Alimentícia,2022,3952.60,10471.16,,,,,,,,2025-12-01 17:55:51.489123
MUNICÍPIO DO RIO DE JANEIRO,1,Estado do Rio de Janeiro,especial,2432º,2021.01270-5,Ativo,Alimentícia,2022,12657.88,20697.81,,,,,,,,2025-12-01 17:55:56.056710
MUNICÍPIO DO RIO DE JANEIRO,1,Estado do Rio de Janeiro,especial,2433º,2021.01377-9,Ativo,Alimentícia,2022,21719.98,35515.89,,,,,,,,2025-12-01 17:55:56.082492
MUNICÍPIO DO RIO DE JANEIRO,1,Estado do Rio de Janeiro,especial,2434º,2021.01316-7,Ativo,Alimentícia,2022,21719.98,35515.89,,,,,,,,2025-12-01 17:55:56.110238
MUNICÍPIO DO RIO DE JANEIRO,1,Estado do Rio de Janeiro,especial,2435º,2021.01252-7,Ativo,Alimentícia,2022,18269.87,29874.38,,,,,,,,2025-12-01 17:55:56.136540
MUNICÍPIO DO RIO DE JANEIRO,1,Estado do Rio de Janeiro,especial,2436º,2021.01296-9,Ativo,Alimentícia,2022,61809.75,180118.78,,,,,,,,2025-12-01 17:55:56.159557
MUNICÍPIO DO RIO DE JANEIRO,1,Estado do Rio de Janeiro,especial,2437º,2021.01197-0,Ativo,Alimentícia,2022,14947.26,24905.52,,,,,,,,2025-12-01 17:55:56.184020
MUNICÍPIO DO RIO DE JANEIRO,1,Estado do Rio de Janeiro,especial,2438º,2021.01301-9,Ativo,Alimentícia,2022,230707.03,221455.41,,,,,,,,2025-12-01 17:55:56.207535
MUNICÍPIO DO RIO DE JANEIRO,1,Estado do Rio de Janeiro,especial,2439º,2021.01379-5,Ativo,Alimentícia,2022,254016.35,253760.35,,,,,,,,2025-12-01 17:55:56.233330
MUNICÍPIO DO RIO DE JANEIRO,1,Estado do Rio de Janeiro,especial,2440º,2021.01385-0,Ativo,Alimentícia,2022,18261.57,29860.80,,,,,,,,2025-12-01 17:55:56.277207
MUNICÍPIO DO RIO DE JANEIRO,1,Estado do Rio de Janeiro,especial,2441º,2021.01321-3,Ativo,Alimentícia,2022,54827.61,160193.80,,,,,,,,2025-12-01 17:55:56.315465
MUNICÍPIO DO RIO DE JANEIRO,1,Estado do Rio de Janeiro,especial,2442º,2021.01273-0,Ativo,Alimentícia,2022,86114.48,250850.20,,,,,,,,2025-12-01 17:56:00.885808
MUNICÍPIO DO RIO DE JANEIRO,1,Estado do Rio de Janeiro,especial,2443º,2021.01313-2,Ativo,Alimentícia,2022,43095.81,125210.98,,,,,,,,2025-12-01 17:56:00.910151
MUNICÍPIO DO RIO DE JANEIRO,1,Estado do Rio de Janeiro,especial,2444º,2021.01266-7,Ativo,Alimentícia,2022,33035.38,94739.69,,,,,,,,2025-12-01 17:56:00.937420
MUNICÍPIO DO RIO DE JANEIRO,1,Estado do Rio de Janeiro,especial,2445º,2021.01319-1,Ativo,Alimentícia,2022,58831.94,168719.71,,,,,,,,2025-12-01 17:56:00.960556
MUNICÍPIO DO RIO DE JANEIRO,1,Estado do Rio de Janeiro,especial,2446º,2021.01292-6,Ativo,Alimentícia,2022,195318.22,319855.76,,,,,,,,2025-12-01 17:56:00.984694
MUNICÍPIO DO RIO DE JANEIRO,1,Estado do Rio de Janeiro,especial,2447º,2021.01329-9,Ativo,Alimentícia,2022,17736.56,29002.31,,,,,,,,2025-12-01 17:56:01.008342
MUNICÍPIO DO RIO DE JANEIRO,1,Estado do Rio de Janeiro,especial,2448º,2021.01298-5,Ativo,Alimentícia,2022,23554.18,38515.12,,,,,,,,2025-12-01 17:56:01.031680
MUNICÍPIO DO RIO DE JANEIRO,1,Estado do Rio de Janeiro,especial,2449º,2021.01375-2,Ativo,Alimentícia,2022,13831.84,23046.97,,,,,,,,2025-12-01 17:56:01.114490
MUNICÍPIO DO RIO DE JANEIRO,1,Estado do Rio de Janeiro,especial,2450º,2021.01367-1,Ativo,Alimentícia,2022,215341.09,195852.29,,,,,,,,2025-12-01 17:56:01.138598
MUNICÍPIO DO RIO DE JANEIRO,1,Estado do Rio de Janeiro,especial,2451º,2021.01255-1,Ativo,Alimentícia,2022,60096.83,175562.86,,,,,,,,2025-12-01 17:56:01.161046
MUNICÍPIO DO RIO DE JANEIRO,1,Estado do Rio de Janeiro,especial,2452º,2021.01915-7,Ativo,Alimentícia,2022,43552.70,127011.88,,,,,,,,2025-12-01 17:56:05.718867
MUNICÍPIO DO RIO DE JANEIRO,1,Estado do Rio de Janeiro,especial,2453º,2021.01288-8,Ativo,Alimentícia,2022,27442.82,79678.47,,,,,,,,2025-12-01 17:56:05.745040
MUNICÍPIO DO RIO DE JANEIRO,1,Estado do Rio de Janeiro,especial,2454º,2021.01279-9,Ativo,Alimentícia,2022,48219.89,139791.86,,,,,,,,2025-12-01 17:56:05.770437
MUNICÍPIO DO RIO DE JANEIRO,1,Estado do Rio de Janeiro,especial,2455º,2021.01297-7,Ativo,Alimentícia,2022,64704.44,187368.54,,,,,,,,2025-12-01 17:56:05.794450
MUNICÍPIO DO RIO DE JANEIRO,1,Estado do Rio de Janeiro,especial,2456º,2021.01323-0,Ativo,Alimentícia,2022,60877.30,174426.09,,,,,,,,2025-12-01 17:56:05.819695
MUNICÍPIO DO RIO DE JANEIRO,1,Estado do Rio de Janeiro,especial,2457º,2021.01258-6,Ativo,Alimentícia,2022,45667.37,129557.12,,,,,,,,2025-12-01 17:56:05.846155
MUNICÍPIO DO RIO DE JANEIRO,1,Estado do Rio de Janeiro,especial,2458º,2021.01334-5,Ativo,Alimentícia,2022,29592.21,82382.05,,,,,,,,2025-12-01 17:56:05.875101
MUNICÍPIO DO RIO DE JANEIRO,1,Estado do Rio de Janeiro,especial,2459º,2021.01325-6,Ativo,Alimentícia,2022,49378.47,137454.62,,,,,,,,2025-12-01 17:56:05.900611
MUNICÍPIO DO RIO DE JANEIRO,1,Estado do Rio de Janeiro,especial,2460º,2021.01276-4,Ativo,Alimentícia,2022,47506.37,130581.55,,,,,,,,2025-12-01 17:56:05.926890
MUNICÍPIO DO RIO DE JANEIRO,1,Estado do Rio de Janeiro,especial,2461º,2021.01320-5,Ativo,Alimentícia,2022,56865.33,156306.68,,,,,,,,2025-12-01 17:56:05.954492
MUNICÍPIO DO RIO DE JANEIRO,1,Estado do Rio de Janeiro,especial,2462º,2021.01286-1,Ativo,Alimentícia,2022,52727.37,142543.32,,,,,,,,2025-12-01 17:56:10.523735
MUNICÍPIO DO RIO DE JANEIRO,1,Estado do Rio de Janeiro,especial,2463º,2021.01314-0,Ativo,Alimentícia,2022,65810.97,177692.53,,,,,,,,2025-12-01 17:56:10.551705
MUNICÍPIO DO RIO DE JANEIRO,1,Estado do Rio de Janeiro,especial,2464º,2021.01278-0,Ativo,Alimentícia,2022,43990.55,117048.01,,,,,,,,2025-12-01 17:56:10.580461
MUNICÍPIO DO RIO DE JANEIRO,1,Estado do Rio de Janeiro,especial,2465º,2021.01335-3,Ativo,Alimentícia,2022,10991.41,17972.84,,,,,,,,2025-12-01 17:56:10.609304
MUNICÍPIO DO RIO DE JANEIRO,1,Estado do Rio de Janeiro,especial,2466º,2021.01356-6,Ativo,Alimentícia,2022,93284.26,152415.29,,,,,,,,2025-12-01 17:56:10.637103
MUNICÍPIO DO RIO DE JANEIRO,1,Estado do Rio de Janeiro,especial,2467º,2021.01294-2,Ativo,Alimentícia,2022,67199.84,197888.40,,,,,,,,2025-12-01 17:56:10.666687
MUNICÍPIO DO RIO DE JANEIRO,1,Estado do Rio de Janeiro,especial,2468º,2021.01303-5,Ativo,Alimentícia,2022,22778.61,66378.78,,,,,,,,2025-12-01 17:56:10.697104
MUNICÍPIO DO RIO DE JANEIRO,1,Estado do Rio de Janeiro,especial,2469º,2021.01291-8,Ativo,Alimentícia,2022,29602.59,86264.42,,,,,,,,2025-12-01 17:56:10.724368
MUNICÍPIO DO RIO DE JANEIRO,1,Estado do Rio de Janeiro,especial,2470º,2021.01287-0,Ativo,Alimentícia,2022,36959.13,107685.76,,,,,,,,2025-12-01 17:56:10.751505
MUNICÍPIO DO RIO DE JANEIRO,1,Estado do Rio de Janeiro,especial,2471º,2021.01324-8,Ativo,Alimentícia,2022,45041.00,131154.29,,,,,,,,2025-12-01 17:56:10.782553
MUNICÍPIO DO RIO DE JANEIRO,1,Estado do Rio de Janeiro,especial,2472º,2021.01349-3,Ativo,Alimentícia,2022,71578.74,208429.19,,,,,,,,2025-12-01 17:56:15.353979
MUNICÍPIO DO RIO DE JANEIRO,1,Estado do Rio de Janeiro,especial,2473º,2021.01322-1,Ativo,Alimentícia,2022,67950.90,197805.61,,,,,,,,2025-12-01 17:56:15.378633
MUNICÍPIO DO RIO DE JANEIRO,1,Estado do Rio de Janeiro,especial,2474º,2021.01295-0,Ativo,Alimentícia,2022,49292.36,142998.30,,,,,,,,2025-12-01 17:56:15.403340
MUNICÍPIO DO RIO DE JANEIRO,1,Estado do Rio de Janeiro,especial,2475º,2021.01326-4,Ativo,Alimentícia,2022,50671.06,146953.49,,,,,,,,2025-12-01 17:56:15.427539
MUNICÍPIO DO RIO DE JANEIRO,1,Estado do Rio de Janeiro,especial,2476º,2021.01285-3,Ativo,Alimentícia,2022,33064.30,95775.29,,,,,,,,2025-12-01 17:56:15.452431
MUNICÍPIO DO RIO DE JANEIRO,1,Estado do Rio de Janeiro,especial,2477º,2021.01290-0,Ativo,Alimentícia,2022,42257.71,121863.95,,,,,,,,2025-12-01 17:56:15.476962
MUNICÍPIO DO RIO DE JANEIRO,1,Estado do Rio de Janeiro,especial,2478º,2021.01284-5,Ativo,Alimentícia,2022,41569.74,119697.89,,,,,,,,2025-12-01 17:56:15.500742
MUNICÍPIO DO RIO DE JANEIRO,1,Estado do Rio de Janeiro,especial,2479º,2021.01281-0,Ativo,Alimentícia,2022,84617.85,242669.19,,,,,,,,2025-12-01 17:56:15.524732
MUNICÍPIO DO RIO DE JANEIRO,1,Estado do Rio de Janeiro,especial,2480º,2021.01311-6,Ativo,Alimentícia,2022,45394.94,130184.75,,,,,,,,2025-12-01 17:56:15.548152
MUNICÍPIO DO RIO DE JANEIRO,1,Estado do Rio de Janeiro,especial,2481º,2021.01272-1,Ativo,Alimentícia,2022,91074.05,258572.41,,,,,,,,2025-12-01 17:56:15.574029
MUNICÍPIO DO RIO DE JANEIRO,1,Estado do Rio de Janeiro,especial,2482º,2021.01317-5,Ativo,Alimentícia,2022,43665.33,123972.20,,,,,,,,2025-12-01 17:56:20.150089
MUNICÍPIO DO RIO DE JANEIRO,1,Estado do Rio de Janeiro,especial,2483º,2021.01267-5,Ativo,Alimentícia,2022,53410.22,151314.66,,,,,,,,2025-12-01 17:56:20.194644
MUNICÍPIO DO RIO DE JANEIRO,1,Estado do Rio de Janeiro,especial,2484º,2021.01312-4,Ativo,Alimentícia,2022,25544.88,72068.73,,,,,,,,2025-12-01 17:56:20.240454
MUNICÍPIO DO RIO DE JANEIRO,1,Estado do Rio de Janeiro,especial,2485º,2021.01277-2,Ativo,Alimentícia,2022,62702.00,176830.80,,,,,,,,2025-12-01 17:56:20.270005
MUNICÍPIO DO RIO DE JANEIRO,1,Estado do Rio de Janeiro,especial,2486º,2021.01282-9,Ativo,Alimentícia,2022,32823.87,92505.26,,,,,,,,2025-12-01 17:56:20.295969
MUNICÍPIO DO RIO DE JANEIRO,1,RIO-PREVIDÊNCIA (03.066.219/0001-81),especial,2487º,2021.01328-0,Ativo,Alimentícia,2022,126517.68,208057.20,,,,,,,,2025-12-01 17:56:20.335364
MUNICÍPIO DO RIO DE JANEIRO,1,Estado do Rio de Janeiro,especial,2488º,2021.01355-8,Ativo,Alimentícia,2022,68479.88,11686.88,,,,,,,,2025-12-01 17:56:20.385024
MUNICÍPIO DO RIO DE JANEIRO,1,IPERJ,especial,2489º,2021.01458-9,Ativo,Alimentícia,2022,68977.29,121569.24,,,,,,,,2025-12-01 17:56:20.435015
MUNICÍPIO DO RIO DE JANEIRO,1,IPERJ,especial,2490º,2021.01256-0,Ativo,Alimentícia,2022,97911.78,167294.82,,,,,,,,2025-12-01 17:56:20.467587
MUNICÍPIO DO RIO DE JANEIRO,1,IPERJ,especial,2491º,2021.01376-0,Suspensão Administrativa,Alimentícia,2022,32675.87,55830.70,,,,,,,,2025-12-01 17:56:20.497081
